Sample,D_0__Bacteria;D_1__Actinobacteria;D_2__Acidimicrobiia;D_3__Microtrichales;D_4__uncultured;D_5__uncultured bacterium,D_0__Bacteria;D_1__Actinobacteria;D_2__Actinobacteria;D_3__Bifidobacteriales;D_4__Bifidobacteriaceae;D_5__Bifidobacterium,D_0__Bacteria;D_1__Actinobacteria;D_2__Actinobacteria;D_3__Corynebacteriales;D_4__Corynebacteriaceae;D_5__Corynebacterium 1,D_0__Bacteria;D_1__Actinobacteria;D_2__Actinobacteria;D_3__Micrococcales;D_4__Micrococcaceae;D_5__Kocuria,D_0__Bacteria;D_1__Actinobacteria;D_2__Coriobacteriia;D_3__Coriobacteriales;D_4__Atopobiaceae;D_5__Coriobacteriaceae UCG-002,D_0__Bacteria;D_1__Actinobacteria;D_2__Coriobacteriia;D_3__Coriobacteriales;D_4__Eggerthellaceae;D_5__Enterorhabdus,D_0__Bacteria;D_1__Actinobacteria;D_2__Coriobacteriia;D_3__Coriobacteriales;D_4__Eggerthellaceae;D_5__Gordonibacter,D_0__Bacteria;D_1__Actinobacteria;D_2__Coriobacteriia;D_3__Coriobacteriales;D_4__Eggerthellaceae;D_5__Parvibacter,D_0__Bacteria;D_1__Actinobacteria;D_2__Coriobacteriia;D_3__Coriobacteriales;D_4__Eggerthellaceae;__,D_0__Bacteria;D_1__Actinobacteria;D_2__Thermoleophilia;D_3__Solirubrobacterales;__;__,D_0__Bacteria;D_1__Bacteroidetes;D_2__Bacteroidia;D_3__Bacteroidales;D_4__Bacteroidaceae;D_5__Bacteroides,D_0__Bacteria;D_1__Bacteroidetes;D_2__Bacteroidia;D_3__Bacteroidales;D_4__Marinifilaceae;D_5__Butyricimonas,D_0__Bacteria;D_1__Bacteroidetes;D_2__Bacteroidia;D_3__Bacteroidales;D_4__Muribaculaceae;D_5__Gram-negative bacterium cTPY-13,D_0__Bacteria;D_1__Bacteroidetes;D_2__Bacteroidia;D_3__Bacteroidales;D_4__Muribaculaceae;D_5__uncultured Bacteroidales bacterium,D_0__Bacteria;D_1__Bacteroidetes;D_2__Bacteroidia;D_3__Bacteroidales;D_4__Muribaculaceae;D_5__uncultured bacterium,D_0__Bacteria;D_1__Bacteroidetes;D_2__Bacteroidia;D_3__Bacteroidales;D_4__Muribaculaceae;__,D_0__Bacteria;D_1__Bacteroidetes;D_2__Bacteroidia;D_3__Bacteroidales;D_4__Prevotellaceae;D_5__Prevotella 7,D_0__Bacteria;D_1__Bacteroidetes;D_2__Bacteroidia;D_3__Bacteroidales;D_4__Prevotellaceae;D_5__Prevotellaceae UCG-001,D_0__Bacteria;D_1__Bacteroidetes;D_2__Bacteroidia;D_3__Bacteroidales;D_4__Rikenellaceae;D_5__Alistipes,D_0__Bacteria;D_1__Bacteroidetes;D_2__Bacteroidia;D_3__Bacteroidales;D_4__Tannerellaceae;D_5__Parabacteroides,D_0__Bacteria;D_1__Bacteroidetes;D_2__Bacteroidia;D_3__Sphingobacteriales;D_4__Sphingobacteriaceae;D_5__Nubsella,D_0__Bacteria;D_1__Bacteroidetes;D_2__Bacteroidia;D_3__Sphingobacteriales;D_4__Sphingobacteriaceae;D_5__Sphingobacterium,D_0__Bacteria;D_1__Cyanobacteria;D_2__Melainabacteria;D_3__Gastranaerophilales;D_4__uncultured bacterium;D_5__uncultured bacterium,D_0__Bacteria;D_1__Cyanobacteria;D_2__Melainabacteria;D_3__Gastranaerophilales;__;__,D_0__Bacteria;D_1__Cyanobacteria;D_2__Oxyphotobacteria;D_3__Chloroplast;__;__,D_0__Bacteria;D_1__Deferribacteres;D_2__Deferribacteres;D_3__Deferribacterales;D_4__Deferribacteraceae;D_5__Mucispirillum,D_0__Bacteria;D_1__Firmicutes;D_2__Bacilli;D_3__Bacillales;D_4__Bacillaceae;D_5__Bacillus,D_0__Bacteria;D_1__Firmicutes;D_2__Bacilli;D_3__Bacillales;D_4__Bacillaceae;D_5__Geobacillus,D_0__Bacteria;D_1__Firmicutes;D_2__Bacilli;D_3__Bacillales;D_4__Staphylococcaceae;D_5__Staphylococcus,D_0__Bacteria;D_1__Firmicutes;D_2__Bacilli;D_3__Lactobacillales;D_4__Enterococcaceae;D_5__Enterococcus,D_0__Bacteria;D_1__Firmicutes;D_2__Bacilli;D_3__Lactobacillales;D_4__Lactobacillaceae;D_5__Lactobacillus,D_0__Bacteria;D_1__Firmicutes;D_2__Bacilli;D_3__Lactobacillales;D_4__Leuconostocaceae;D_5__Weissella,D_0__Bacteria;D_1__Firmicutes;D_2__Bacilli;D_3__Lactobacillales;D_4__Streptococcaceae;D_5__Lactococcus,D_0__Bacteria;D_1__Firmicutes;D_2__Bacilli;D_3__Lactobacillales;D_4__Streptococcaceae;D_5__Streptococcus,D_0__Bacteria;D_1__Firmicutes;D_2__Clostridia;D_3__Clostridiales;D_4__Christensenellaceae;D_5__Christensenellaceae R-7 group,D_0__Bacteria;D_1__Firmicutes;D_2__Clostridia;D_3__Clostridiales;D_4__Christensenellaceae;D_5__uncultured,D_0__Bacteria;D_1__Firmicutes;D_2__Clostridia;D_3__Clostridiales;D_4__Christensenellaceae;__,D_0__Bacteria;D_1__Firmicutes;D_2__Clostridia;D_3__Clostridiales;D_4__Clostridiaceae 1;D_5__Candidatus Arthromitus,D_0__Bacteria;D_1__Firmicutes;D_2__Clostridia;D_3__Clostridiales;D_4__Clostridiaceae 1;D_5__Clostridium sensu stricto 1,D_0__Bacteria;D_1__Firmicutes;D_2__Clostridia;D_3__Clostridiales;D_4__Clostridiales vadinBB60 group;D_5__uncultured Clostridia bacterium,D_0__Bacteria;D_1__Firmicutes;D_2__Clostridia;D_3__Clostridiales;D_4__Clostridiales vadinBB60 group;D_5__uncultured Clostridiales bacterium,D_0__Bacteria;D_1__Firmicutes;D_2__Clostridia;D_3__Clostridiales;D_4__Clostridiales vadinBB60 group;D_5__uncultured bacterium,D_0__Bacteria;D_1__Firmicutes;D_2__Clostridia;D_3__Clostridiales;D_4__Clostridiales vadinBB60 group;D_5__uncultured rumen bacterium,D_0__Bacteria;D_1__Firmicutes;D_2__Clostridia;D_3__Clostridiales;D_4__Clostridiales vadinBB60 group;__,D_0__Bacteria;D_1__Firmicutes;D_2__Clostridia;D_3__Clostridiales;D_4__Eubacteriaceae;D_5__Anaerofustis,D_0__Bacteria;D_1__Firmicutes;D_2__Clostridia;D_3__Clostridiales;D_4__Family XIII;D_5__Anaerovorax,D_0__Bacteria;D_1__Firmicutes;D_2__Clostridia;D_3__Clostridiales;D_4__Family XIII;D_5__Family XIII AD3011 group,D_0__Bacteria;D_1__Firmicutes;D_2__Clostridia;D_3__Clostridiales;D_4__Family XIII;D_5__Family XIII UCG-001,D_0__Bacteria;D_1__Firmicutes;D_2__Clostridia;D_3__Clostridiales;D_4__Family XIII;D_5__[Eubacterium] brachy group,D_0__Bacteria;D_1__Firmicutes;D_2__Clostridia;D_3__Clostridiales;D_4__Family XIII;D_5__[Eubacterium] nodatum group,D_0__Bacteria;D_1__Firmicutes;D_2__Clostridia;D_3__Clostridiales;D_4__Lachnospiraceae;D_5__A2,D_0__Bacteria;D_1__Firmicutes;D_2__Clostridia;D_3__Clostridiales;D_4__Lachnospiraceae;D_5__ASF356,D_0__Bacteria;D_1__Firmicutes;D_2__Clostridia;D_3__Clostridiales;D_4__Lachnospiraceae;D_5__Acetatifactor,D_0__Bacteria;D_1__Firmicutes;D_2__Clostridia;D_3__Clostridiales;D_4__Lachnospiraceae;D_5__Acetitomaculum,D_0__Bacteria;D_1__Firmicutes;D_2__Clostridia;D_3__Clostridiales;D_4__Lachnospiraceae;D_5__Blautia,D_0__Bacteria;D_1__Firmicutes;D_2__Clostridia;D_3__Clostridiales;D_4__Lachnospiraceae;D_5__Butyrivibrio,D_0__Bacteria;D_1__Firmicutes;D_2__Clostridia;D_3__Clostridiales;D_4__Lachnospiraceae;D_5__Dorea,D_0__Bacteria;D_1__Firmicutes;D_2__Clostridia;D_3__Clostridiales;D_4__Lachnospiraceae;D_5__GCA-900066575,D_0__Bacteria;D_1__Firmicutes;D_2__Clostridia;D_3__Clostridiales;D_4__Lachnospiraceae;D_5__Lachnoclostridium,D_0__Bacteria;D_1__Firmicutes;D_2__Clostridia;D_3__Clostridiales;D_4__Lachnospiraceae;D_5__Lachnospiraceae FCS020 group,D_0__Bacteria;D_1__Firmicutes;D_2__Clostridia;D_3__Clostridiales;D_4__Lachnospiraceae;D_5__Lachnospiraceae NK4A136 group,D_0__Bacteria;D_1__Firmicutes;D_2__Clostridia;D_3__Clostridiales;D_4__Lachnospiraceae;D_5__Lachnospiraceae UCG-001,D_0__Bacteria;D_1__Firmicutes;D_2__Clostridia;D_3__Clostridiales;D_4__Lachnospiraceae;D_5__Lachnospiraceae UCG-004,D_0__Bacteria;D_1__Firmicutes;D_2__Clostridia;D_3__Clostridiales;D_4__Lachnospiraceae;D_5__Lachnospiraceae UCG-006,D_0__Bacteria;D_1__Firmicutes;D_2__Clostridia;D_3__Clostridiales;D_4__Lachnospiraceae;D_5__Lachnospiraceae UCG-010,D_0__Bacteria;D_1__Firmicutes;D_2__Clostridia;D_3__Clostridiales;D_4__Lachnospiraceae;D_5__Marvinbryantia,D_0__Bacteria;D_1__Firmicutes;D_2__Clostridia;D_3__Clostridiales;D_4__Lachnospiraceae;D_5__Roseburia,D_0__Bacteria;D_1__Firmicutes;D_2__Clostridia;D_3__Clostridiales;D_4__Lachnospiraceae;D_5__Tyzzerella,D_0__Bacteria;D_1__Firmicutes;D_2__Clostridia;D_3__Clostridiales;D_4__Lachnospiraceae;D_5__Tyzzerella 3,D_0__Bacteria;D_1__Firmicutes;D_2__Clostridia;D_3__Clostridiales;D_4__Lachnospiraceae;D_5__[Eubacterium] ventriosum group,D_0__Bacteria;D_1__Firmicutes;D_2__Clostridia;D_3__Clostridiales;D_4__Lachnospiraceae;D_5__[Eubacterium] xylanophilum group,D_0__Bacteria;D_1__Firmicutes;D_2__Clostridia;D_3__Clostridiales;D_4__Lachnospiraceae;D_5__[Ruminococcus] torques group,D_0__Bacteria;D_1__Firmicutes;D_2__Clostridia;D_3__Clostridiales;D_4__Lachnospiraceae;D_5__uncultured,D_0__Bacteria;D_1__Firmicutes;D_2__Clostridia;D_3__Clostridiales;D_4__Lachnospiraceae;__,D_0__Bacteria;D_1__Firmicutes;D_2__Clostridia;D_3__Clostridiales;D_4__Peptococcaceae;D_5__Peptococcus,D_0__Bacteria;D_1__Firmicutes;D_2__Clostridia;D_3__Clostridiales;D_4__Peptococcaceae;D_5__uncultured,D_0__Bacteria;D_1__Firmicutes;D_2__Clostridia;D_3__Clostridiales;D_4__Peptostreptococcaceae;D_5__Romboutsia,D_0__Bacteria;D_1__Firmicutes;D_2__Clostridia;D_3__Clostridiales;D_4__Ruminococcaceae;D_5__Anaerotruncus,D_0__Bacteria;D_1__Firmicutes;D_2__Clostridia;D_3__Clostridiales;D_4__Ruminococcaceae;D_5__Butyricicoccus,D_0__Bacteria;D_1__Firmicutes;D_2__Clostridia;D_3__Clostridiales;D_4__Ruminococcaceae;D_5__Candidatus Soleaferrea,D_0__Bacteria;D_1__Firmicutes;D_2__Clostridia;D_3__Clostridiales;D_4__Ruminococcaceae;D_5__GCA-900066225,D_0__Bacteria;D_1__Firmicutes;D_2__Clostridia;D_3__Clostridiales;D_4__Ruminococcaceae;D_5__Harryflintia,D_0__Bacteria;D_1__Firmicutes;D_2__Clostridia;D_3__Clostridiales;D_4__Ruminococcaceae;D_5__Intestinimonas,D_0__Bacteria;D_1__Firmicutes;D_2__Clostridia;D_3__Clostridiales;D_4__Ruminococcaceae;D_5__Negativibacillus,D_0__Bacteria;D_1__Firmicutes;D_2__Clostridia;D_3__Clostridiales;D_4__Ruminococcaceae;D_5__Oscillibacter,D_0__Bacteria;D_1__Firmicutes;D_2__Clostridia;D_3__Clostridiales;D_4__Ruminococcaceae;D_5__Papillibacter,D_0__Bacteria;D_1__Firmicutes;D_2__Clostridia;D_3__Clostridiales;D_4__Ruminococcaceae;D_5__Ruminiclostridium,D_0__Bacteria;D_1__Firmicutes;D_2__Clostridia;D_3__Clostridiales;D_4__Ruminococcaceae;D_5__Ruminiclostridium 1,D_0__Bacteria;D_1__Firmicutes;D_2__Clostridia;D_3__Clostridiales;D_4__Ruminococcaceae;D_5__Ruminiclostridium 5,D_0__Bacteria;D_1__Firmicutes;D_2__Clostridia;D_3__Clostridiales;D_4__Ruminococcaceae;D_5__Ruminiclostridium 6,D_0__Bacteria;D_1__Firmicutes;D_2__Clostridia;D_3__Clostridiales;D_4__Ruminococcaceae;D_5__Ruminiclostridium 9,D_0__Bacteria;D_1__Firmicutes;D_2__Clostridia;D_3__Clostridiales;D_4__Ruminococcaceae;D_5__Ruminococcaceae NK4A214 group,D_0__Bacteria;D_1__Firmicutes;D_2__Clostridia;D_3__Clostridiales;D_4__Ruminococcaceae;D_5__Ruminococcaceae UCG-004,D_0__Bacteria;D_1__Firmicutes;D_2__Clostridia;D_3__Clostridiales;D_4__Ruminococcaceae;D_5__Ruminococcaceae UCG-005,D_0__Bacteria;D_1__Firmicutes;D_2__Clostridia;D_3__Clostridiales;D_4__Ruminococcaceae;D_5__Ruminococcaceae UCG-009,D_0__Bacteria;D_1__Firmicutes;D_2__Clostridia;D_3__Clostridiales;D_4__Ruminococcaceae;D_5__Ruminococcaceae UCG-010,D_0__Bacteria;D_1__Firmicutes;D_2__Clostridia;D_3__Clostridiales;D_4__Ruminococcaceae;D_5__Ruminococcaceae UCG-013,D_0__Bacteria;D_1__Firmicutes;D_2__Clostridia;D_3__Clostridiales;D_4__Ruminococcaceae;D_5__Ruminococcaceae UCG-014,D_0__Bacteria;D_1__Firmicutes;D_2__Clostridia;D_3__Clostridiales;D_4__Ruminococcaceae;D_5__Ruminococcus 1,D_0__Bacteria;D_1__Firmicutes;D_2__Clostridia;D_3__Clostridiales;D_4__Ruminococcaceae;D_5__UBA1819,D_0__Bacteria;D_1__Firmicutes;D_2__Clostridia;D_3__Clostridiales;D_4__Ruminococcaceae;D_5__[Eubacterium] coprostanoligenes group,D_0__Bacteria;D_1__Firmicutes;D_2__Clostridia;D_3__Clostridiales;D_4__Ruminococcaceae;D_5__uncultured,D_0__Bacteria;D_1__Firmicutes;D_2__Clostridia;D_3__Clostridiales;D_4__Ruminococcaceae;__,D_0__Bacteria;D_1__Firmicutes;D_2__Clostridia;D_3__Clostridiales;__;__,D_0__Bacteria;D_1__Firmicutes;D_2__Clostridia;D_3__DTU014;D_4__uncultured bacterium;D_5__uncultured bacterium,D_0__Bacteria;D_1__Firmicutes;D_2__Erysipelotrichia;D_3__Erysipelotrichales;D_4__Erysipelotrichaceae;D_5__Erysipelatoclostridium,D_0__Bacteria;D_1__Firmicutes;D_2__Erysipelotrichia;D_3__Erysipelotrichales;D_4__Erysipelotrichaceae;D_5__Faecalibaculum,D_0__Bacteria;D_1__Firmicutes;D_2__Erysipelotrichia;D_3__Erysipelotrichales;D_4__Erysipelotrichaceae;D_5__Turicibacter,D_0__Bacteria;D_1__Firmicutes;D_2__Erysipelotrichia;D_3__Erysipelotrichales;D_4__Erysipelotrichaceae;D_5__uncultured,D_0__Bacteria;D_1__Firmicutes;D_2__Erysipelotrichia;D_3__Erysipelotrichales;D_4__Erysipelotrichaceae;D_5__uncultured bacterium,D_0__Bacteria;D_1__Proteobacteria;D_2__Alphaproteobacteria;D_3__Caulobacterales;D_4__Caulobacteraceae;D_5__Brevundimonas,D_0__Bacteria;D_1__Proteobacteria;D_2__Alphaproteobacteria;D_3__Rhizobiales;D_4__Beijerinckiaceae;D_5__Bosea,D_0__Bacteria;D_1__Proteobacteria;D_2__Alphaproteobacteria;D_3__Rhizobiales;D_4__Rhizobiaceae;D_5__Allorhizobium-Neorhizobium-Pararhizobium-Rhizobium,D_0__Bacteria;D_1__Proteobacteria;D_2__Alphaproteobacteria;D_3__Rhodobacterales;D_4__Rhodobacteraceae;D_5__Paracoccus,D_0__Bacteria;D_1__Proteobacteria;D_2__Alphaproteobacteria;D_3__Rhodobacterales;D_4__Rhodobacteraceae;__,D_0__Bacteria;D_1__Proteobacteria;D_2__Alphaproteobacteria;D_3__Rickettsiales;D_4__Mitochondria;__,D_0__Bacteria;D_1__Proteobacteria;D_2__Alphaproteobacteria;D_3__Sphingomonadales;D_4__Sphingomonadaceae;D_5__Sphingomonas,D_0__Bacteria;D_1__Proteobacteria;D_2__Alphaproteobacteria;D_3__Sphingomonadales;D_4__Sphingomonadaceae;D_5__Sphingopyxis,D_0__Bacteria;D_1__Proteobacteria;D_2__Alphaproteobacteria;D_3__Sphingomonadales;D_4__Sphingomonadaceae;__,D_0__Bacteria;D_1__Proteobacteria;D_2__Deltaproteobacteria;D_3__Desulfovibrionales;D_4__Desulfovibrionaceae;D_5__uncultured,D_0__Bacteria;D_1__Proteobacteria;D_2__Gammaproteobacteria;D_3__Betaproteobacteriales;D_4__Burkholderiaceae;D_5__Delftia,D_0__Bacteria;D_1__Proteobacteria;D_2__Gammaproteobacteria;D_3__Betaproteobacteriales;D_4__Burkholderiaceae;D_5__Parasutterella,D_0__Bacteria;D_1__Proteobacteria;D_2__Gammaproteobacteria;D_3__Betaproteobacteriales;D_4__Burkholderiaceae;D_5__Schlegelella,D_0__Bacteria;D_1__Proteobacteria;D_2__Gammaproteobacteria;D_3__Betaproteobacteriales;D_4__Burkholderiaceae;__,D_0__Bacteria;D_1__Proteobacteria;D_2__Gammaproteobacteria;D_3__Betaproteobacteriales;D_4__Hydrogenophilaceae;D_5__Tepidiphilus,D_0__Bacteria;D_1__Proteobacteria;D_2__Gammaproteobacteria;D_3__Enterobacteriales;D_4__Enterobacteriaceae;D_5__Escherichia-Shigella,D_0__Bacteria;D_1__Proteobacteria;D_2__Gammaproteobacteria;D_3__Pasteurellales;D_4__Pasteurellaceae;D_5__Haemophilus,D_0__Bacteria;D_1__Proteobacteria;D_2__Gammaproteobacteria;D_3__Pseudomonadales;D_4__Moraxellaceae;D_5__Acinetobacter,D_0__Bacteria;D_1__Proteobacteria;D_2__Gammaproteobacteria;D_3__Pseudomonadales;D_4__Pseudomonadaceae;D_5__Pseudomonas,D_0__Bacteria;D_1__Proteobacteria;D_2__Gammaproteobacteria;D_3__Xanthomonadales;D_4__Xanthomonadaceae;D_5__Pseudoxanthomonas,D_0__Bacteria;D_1__Proteobacteria;D_2__Gammaproteobacteria;D_3__Xanthomonadales;D_4__Xanthomonadaceae;D_5__Stenotrophomonas,D_0__Bacteria;D_1__Tenericutes;D_2__Mollicutes;D_3__Anaeroplasmatales;D_4__Anaeroplasmataceae;D_5__Anaeroplasma,D_0__Bacteria;D_1__Tenericutes;D_2__Mollicutes;D_3__Mollicutes RF39;D_4__gut metagenome;D_5__gut metagenome,D_0__Bacteria;D_1__Tenericutes;D_2__Mollicutes;D_3__Mollicutes RF39;D_4__uncultured Erysipelotrichia bacterium;D_5__uncultured Erysipelotrichia bacterium,D_0__Bacteria;D_1__Tenericutes;D_2__Mollicutes;D_3__Mollicutes RF39;D_4__uncultured Firmicutes bacterium;D_5__uncultured Firmicutes bacterium,D_0__Bacteria;D_1__Tenericutes;D_2__Mollicutes;D_3__Mollicutes RF39;D_4__uncultured Lachnospiraceae bacterium;D_5__uncultured Lachnospiraceae bacterium,D_0__Bacteria;D_1__Tenericutes;D_2__Mollicutes;D_3__Mollicutes RF39;D_4__uncultured bacterium;D_5__uncultured bacterium,D_0__Bacteria;D_1__Tenericutes;D_2__Mollicutes;D_3__Mollicutes RF39;D_4__unidentified;D_5__unidentified,D_0__Bacteria;D_1__Tenericutes;D_2__Mollicutes;D_3__Mollicutes RF39;__;__,D_0__Bacteria;D_1__Verrucomicrobia;D_2__Verrucomicrobiae;D_3__Verrucomicrobiales;D_4__Akkermansiaceae;D_5__Akkermansia,D_0__Bacteria;__;__;__;__;__,Unassigned;__;__;__;__;__,Diet,Site,Day,mouse,Cage
M1NP CC,0,445332723.5,0,0,0,606147318.1,0,0,0,0,13223907817,1100961455,0,705110145.5,6444954137,0,0,0,7681989480,160814594.6,0,0,0,0,0,1892664075,0,0,0,0,8733469522,0,3698735676,0,0,0,0,49481413.72,0,0,0,643258378.4,0,0,0,0,0,74222120.58,37111060.29,0,5677992225,0,309258835.8,148444241.2,5195548441,0,0,1942145489,940146860.7,0,15326867900,457703076.9,0,136073887.7,0,61851767.15,6395472723,123703534.3,24740706.86,0,136073887.7,0,8535543867,21734710977,272147775.5,197925654.9,2164811850,86592474.01,123703534.3,0,197925654.9,0,0,0,2634885281,0,8547914220,0,1855553015,284518128.9,3216291892,0,0,61851767.15,173184948,61851767.15,0,197925654.9,0,197925654.9,0,3525550728,2375107859,0,0,49481413.72,91676689272,0,0,0,0,0,0,0,0,0,0,0,0,4948141372,0,123703534.3,0,0,0,0,0,0,0,0,0,581406611.2,0,0,0,37111060.29,0,0,0,4985252432,0,0,Keto,Cecum Contents,10,1NP,1
M1NP D0 Stool,0,48126311.64,0,0,0,914399921.1,0,0,0,0,10860504326,1026694648,256673662.1,12111788429,73585130493,2037347193,0,4539915398,7700209862,256673662.1,0,0,0,368968389.2,0,4427620671,0,0,0,0,67184331045,0,0,0,529389428,48126311.64,0,6368715240,144378934.9,0,0,1347536726,0,16042103.88,0,0,192505246.5,96252623.27,64168415.52,128336831,802105194,7347283577,288757869.8,160421038.8,3705725996,0,561473635.8,272715765.9,2438399790,513347324.1,15753346009,8422104536,304799973.7,96252623.27,0,2390273478,4908883787,32084207.76,352926285.3,336884181.5,641684155.2,0,11470104274,15288124997,16042103.88,1171073583,0,914399921.1,818147297.8,224589454.3,0,0,208547350.4,385010493.1,2229852439,0,1523999869,16042103.88,834189401.7,128336831,1251284103,96252623.27,0,48126311.64,513347324.1,144378934.9,96252623.27,13555577778,3465094438,96252623.27,898357817.2,705852570.7,1411705141,0,0,593557843.5,224589454.3,0,385010493.1,16042103.88,0,0,0,0,0,0,0,0,0,385010493.1,0,1941094569,0,0,0,2422357686,0,0,0,0,0,1860884050,0,0,0,112294727.2,818147297.8,96252623.27,1973178777,898357817.2,0,0,Keto,Stool,0,1NP,1
M1NP D10 Stool,0,444619259.3,0,0,0,357439012.3,0,0,0,0,7907248395,296412839.5,0,601543703.7,4297986173,43590123.46,0,0,1002572840,17436049.38,0,0,0,0,0,17436049.38,0,0,0,0,10409321481,0,3705160494,26154074.07,0,0,0,95898271.6,0,0,0,34872098.77,0,0,0,0,0,0,0,0,976418765.4,0,0,26154074.07,1028726914,0,0,165642469.1,95898271.6,0,1883093333,139488395.1,0,0,0,0,2179506173,43590123.46,0,0,34872098.77,0,1211805432,4236960000,43590123.46,78462222.22,1952837531,17436049.38,0,0,52308148.15,0,0,0,401029135.8,0,1290267654,0,209232592.6,61026172.84,418465185.2,0,113334321,0,61026172.84,34872098.77,61026172.84,340002963,0,43590123.46,0,278976790.1,226668642,0,0,156924444.4,1.15479E+11,0,0,0,0,0,0,0,0,0,0,0,0,575389629.6,0,95898271.6,0,0,0,26154074.07,0,0,0,0,0,165642469.1,0,0,0,383593086.4,0,0,34872098.77,6120053333,0,0,Keto,Stool,10,1NP,1
M1NP D4 Stool,0,278421005.5,0,0,0,373879636,0,0,0,0,15074508728,485248038.2,55684201.11,604571326.3,9179938297,373879636,0,39774429.36,1233007310,214781918.6,0,0,0,0,0,47729315.23,0,0,0,0,31374069880,0,2887623572,0,0,0,0,23864657.62,0,0,0,0,0,0,0,0,0,15909771.74,15909771.74,0,71593972.85,0,461383380.6,0,1169368223,0,127278174,270466119.7,95458630.47,0,1988721468,0,15909771.74,0,0,254556347.9,262511233.8,143187945.7,0,0,23864657.62,0,1606886946,4072901567,55684201.11,357969864.3,1073909593,63639086.98,0,31819543.49,23864657.62,0,294330777.3,0,906856989.4,0,1392105028,0,222736804.4,31819543.49,700029956.8,15909771.74,175007489.2,39774429.36,127278174,95458630.47,31819543.49,1630751604,47729315.23,270466119.7,350014978.4,342060092.5,294330777.3,0,0,827308130.7,37809572551,0,0,0,0,0,0,0,0,0,0,0,0,540932239.3,0,0,0,0,0,0,0,0,0,0,0,0,0,0,0,39774429.36,15909771.74,0,95458630.47,34373061854,0,0,Keto,Stool,4,1NP,1
M1NP D7 Stool,0,812661196.6,0,0,0,474931868.1,0,0,0,0,12612079609,970971819.3,0,1108174359,7852206886,158310622.7,0,0,7999963468,63324249.08,0,0,0,0,0,73878290.6,0,0,0,0,9234786325,0,3092334164,21108083.03,0,0,0,42216166.06,0,31662124.54,0,686012698.4,0,0,0,0,0,31662124.54,10554041.51,0,1182052650,0,358837411.5,21108083.03,1794187057,0,52770207.57,823215238.1,306067203.9,0,3461725617,253296996.3,0,0,42216166.06,854877362.6,1023742027,168864664.2,42216166.06,0,73878290.6,0,2437983590,9804704567,105540415.1,274405079.4,2131916386,52770207.57,0,73878290.6,84432332.11,0,0,0,812661196.6,0,2786266960,0,284959120.9,221634871.8,770445030.5,31662124.54,179418705.7,0,137202539.7,63324249.08,0,337729328.4,31662124.54,42216166.06,0,569918241.8,369391453,0,0,200526788.8,1.13773E+11,0,0,0,0,0,0,0,0,0,0,0,0,1065958193,0,52770207.57,0,0,0,0,0,0,0,0,0,422161660.6,0,0,0,337729328.4,0,0,0,12612079609,0,0,Keto,Stool,7,1NP,1
M1NP LI-S,0,3313219.223,0,0,0,15323638.91,0,0,0,0,668441978.3,62537012.84,0,36859563.86,243107460.5,1656609.612,0,0,339190818,7454743.252,0,0,0,0,0,33132192.23,0,0,0,0,342089884.8,0,141640121.8,828304.8058,828304.8058,0,0,414152.4029,0,3727371.626,0,54253964.78,0,0,0,0,0,0,0,0,185954428.9,0,3313219.223,2899066.82,107265472.3,0,4555676.432,47213373.93,33960497.04,0,318483197.8,13252876.89,0,0,0,0,332978531.9,12838724.49,0,0,4555676.432,0,228612126.4,701574170.5,6626438.446,7040590.849,87386157.01,7454743.252,0,0,5383981.238,0,0,0,43071849.9,1656609.612,282451938.8,0,45556764.32,11182114.88,63779470.05,1242457.209,7040590.849,0,8697200.461,2899066.82,1656609.612,15737791.31,0,1656609.612,0,46799221.53,69577603.69,0,0,3727371.626,3071354220,0,0,0,0,0,0,0,0,0,0,0,0,91527681.04,0,7454743.252,0,0,0,0,0,0,0,0,0,51769050.36,0,0,0,5383981.238,0,0,0,175600618.8,0,0,Keto,Colon Mucosa,10,1NP,1
M1NP LSI-C,0,388180717.6,0,0,0,437214071.4,0,0,0,0,102152820.4,16344451.27,0,208391753.7,371836266.4,0,0,0,0,0,0,0,0,0,0,0,0,0,0,0,7873939399,0,1761114624,0,0,0,0,122583384.5,0,0,0,0,0,0,0,0,0,4086112.817,0,0,265597333.1,0,0,16344451.27,0,0,0,0,0,0,0,0,0,0,0,0,0,0,0,0,12258338.45,0,16344451.27,110325046.1,0,0,1479172840,0,0,0,0,0,0,0,0,0,0,0,32688902.54,0,0,0,0,0,0,0,16344451.27,0,0,0,0,36775015.35,0,0,0,0,65128552192,0,0,0,0,0,0,0,0,0,0,0,0,16344451.27,0,130755610.1,0,0,0,28602789.72,0,0,0,0,0,0,0,0,0,0,0,0,0,1103250461,0,0,Keto,Lower SI Contents,10,1NP,1
M1NP LSI-S,0,7094952.133,0,0,760173.4429,7094952.133,0,0,0,0,12162775.09,0,0,20017900.66,35474760.67,0,0,0,0,0,0,0,0,0,0,0,0,0,0,1266955.738,646147426.4,0,119093839.4,1013564.59,0,0,0,61574048.87,0,0,0,0,0,0,0,0,0,0,0,0,40035801.32,0,0,0,0,0,1773738.033,0,5574605.248,0,2280520.329,0,0,0,0,0,3547476.067,0,0,0,0,0,0,10895819.35,0,0,62841004.61,0,0,0,0,0,0,0,0,0,0,0,0,0,0,0,0,0,0,0,0,0,0,0,0,0,760173.4429,0,0,0,3811002860,0,0,0,0,0,0,0,0,0,0,0,0,3800867.214,0,8868690.167,0,0,0,760173.4429,0,1520346.886,760173.4429,0,0,0,0,0,0,0,0,0,0,75003779.7,0,0,Keto,Lower SI Mucosa,10,1NP,1
M1NP SC,0,320314884.2,0,0,0,382598333.9,0,0,0,0,702913218.1,13346453.51,0,84527538.89,956495834.8,0,0,0,31141724.85,0,0,0,0,0,0,22244089.18,0,0,0,0,12501178120,0,4600077643,4448817.836,0,0,0,0,0,0,0,0,0,0,0,0,0,0,88976356.72,0,2865038687,0,0,53385814.03,62283449.71,0,53385814.03,13346453.51,796338392.7,0,422637694.4,0,0,57834631.87,0,35590542.69,1241220176,0,0,0,97873992.4,0,347007791.2,2353424635,0,0,569448683,0,0,0,0,0,0,0,0,0,240236163.2,0,106771628.1,0,31141724.85,0,0,0,4448817.836,8897635.672,17795271.34,57834631.87,0,22244089.18,0,133464535.1,57834631.87,0,0,31141724.85,56228608632,0,0,0,0,0,0,0,0,0,0,0,0,111220445.9,0,0,0,0,0,0,0,0,0,0,0,0,0,0,0,31141724.85,0,0,0,992086377.5,0,0,Keto,Stomach Contents,10,1NP,1
M1NP USI-C,0,70522769.15,0,0,4599311.031,105784153.7,0,0,0,0,50592421.34,0,0,56724836.05,180906233.9,0,0,0,0,0,0,0,0,0,0,0,0,0,0,0,3371294986,0,653102166.4,0,0,0,0,0,0,0,0,0,0,0,0,0,0,0,0,0,372544193.5,0,0,3066207.354,0,0,0,0,67456561.79,0,22996555.16,4599311.031,0,0,0,0,30662073.54,0,0,0,13797933.09,0,0,95052427.98,0,0,128780708.9,0,0,0,0,0,0,0,0,0,6132414.708,0,18397244.12,0,0,0,0,0,0,0,0,0,0,0,0,7665518.385,0,0,0,0,24390146398,0,0,0,0,0,0,0,0,0,0,0,0,22996555.16,0,16864140.45,0,0,0,0,0,0,0,0,0,0,0,0,0,7665518.385,0,0,0,193171063.3,0,0,Keto,Upper SI Contents,10,1NP,1
M1NP USI-S,0,2761359.06,0,0,0,3411090.604,0,0,0,0,8771375.839,0,0,8121644.295,23390335.57,0,0,0,0,649731.5436,0,0,0,0,0,812164.4295,0,0,0,0,439705822.1,0,111104094,0,0,0,0,0,0,0,0,0,0,0,0,0,0,487298.6577,0,0,49704463.09,0,0,0,812164.4295,0,2436493.289,0,14618959.73,0,2436493.289,0,0,0,0,0,5035419.463,0,0,0,974597.3154,0,2598926.174,10558137.58,0,0,22740604.03,0,0,0,0,0,0,0,0,0,812164.4295,0,2274060.403,0,0,0,0,0,0,0,0,1624328.859,0,0,0,0,1137030.201,0,0,0,2405468607,0,0,0,0,0,0,0,0,0,0,0,0,7309479.866,0,1949194.631,0,0,0,0,0,324865.7718,1461895.973,0,0,0,0,0,0,324865.7718,0,0,0,33623607.38,0,0,Keto,Upper SI Mucosa,10,1NP,1
M1NP USI-S noC,0,1892365.407,0,0,0,3348031.104,0,0,0,0,13392124.42,582266.279,0,14993356.68,48910367.43,0,0,0,0,0,0,0,0,0,0,0,0,0,0,0,358967161,0,127807448.2,0,0,0,0,0,0,0,0,0,0,0,0,0,0,0,0,0,51093865.98,0,0,0,0,0,0,2037931.976,10044093.31,1164532.558,2765764.825,0,0,0,0,0,22999518.02,0,0,0,0,0,10189659.88,44834503.48,0,0,21543852.32,0,0,0,0,0,0,0,0,0,4221430.523,0,6550495.638,0,0,0,0,0,0,436699.7092,0,4658130.232,0,873399.4185,0,3056897.965,2037931.976,0,0,0,2042590107,0,0,0,0,0,0,0,0,0,436699.7092,0,0,4221430.523,0,2911331.395,0,0,0,0,0,1601232.267,873399.4185,0,0,0,0,0,0,1601232.267,0,0,0,25910849.41,0,0,Keto,Upper SI Mucosa noC,10,1NP,1
M1P D0 Stool,0,0,0,0,0,355513359.8,33858415.22,0,0,0,7533497386,457088605.5,1083469287,9497285469,71661335811,3013398955,0,3639779636,7347276103,372442567.4,0,0,2539381141,1523628685,0,16929207.61,0,0,0,0,1.80889E+11,0,0,0,355513359.8,0,0,12832339368,0,0,203150491.3,253938114.1,0,0,16929207.61,0,135433660.9,0,0,287796529.4,270867321.8,186221283.7,33858415.22,0,220079698.9,0,0,0,490947020.7,0,2556310349,135433660.9,0,0,0,440159397.8,998823249,0,0,0,152362868.5,0,795672757.7,1659062346,0,1201973740,0,0,50787622.83,0,0,0,1980717290,0,169292076.1,0,287796529.4,0,0,0,237008906.5,0,0,0,186221283.7,16929207.61,84646038.05,3910646958,2607097972,0,152362868.5,16929207.61,16929207.61,0,0,270867321.8,304725737,0,406300982.6,16929207.61,0,0,0,0,0,0,0,0,0,0,0,2014575706,0,0,0,33858415.22,0,0,0,0,0,321654944.6,0,0,0,0,1913000460,0,474017813.1,1455911854,0,0,Keto,Stool,0,1P,1
M1P D10 Stool,0,881437424.2,0,0,0,603088763.9,0,0,0,0,7422630941,649480207.3,0,1600504797,12328526078,371131547,0,0,974220311,185565773.5,0,0,0,0,0,127576469.3,0,0,0,11597860.85,17756324954,0,4894297277,34793582.54,0,34793582.54,0,57989304.23,0,0,0,92782886.76,0,0,0,11597860.85,0,34793582.54,23195721.69,0,8025719705,0,545099459.7,23195721.69,3258998897,139174330.1,57989304.23,1101796780,394327268.7,23195721.69,10843999890,11597860.85,0,34793582.54,0,23195721.69,8199687617,231957216.9,0,0,197163634.4,0,6251246996,6170061970,127576469.3,742263094.1,3351781784,57989304.23,23195721.69,115978608.5,23195721.69,46391443.38,34793582.54,0,846643841.7,0,3432966810,0,255152938.6,127576469.3,2273180726,11597860.85,34793582.54,34793582.54,150772191,243555077.7,46391443.38,162370051.8,475512294.6,92782886.76,255152938.6,2180397839,927828867.6,0,0,92782886.76,99811190433,0,0,0,0,0,0,0,0,0,0,0,0,1229373250,0,672675929,0,0,0,0,0,0,0,0,0,11597860.85,0,0,0,46391443.38,0,0,34793582.54,14555315361,0,0,Keto,Stool,10,1P,1
M1P D4 Stool,0,212510486.9,0,0,0,341534711,0,0,0,0,10716600266,394662332.7,22768980.74,546455537.6,5798500427,106255243.4,0,0,1070142095,83486262.7,0,0,0,0,0,15179320.49,0,0,0,45537961.47,12082739110,0,3635447257,0,7589660.245,0,0,0,0,0,0,37948301.23,0,0,0,0,0,15179320.49,0,0,182151845.9,0,667890101.6,0,1836697779,45537961.47,144203544.7,523686556.9,182151845.9,22768980.74,2352794676,0,0,0,0,98665583.19,83486262.7,197331166.4,0,0,68306942.21,0,2299667054,4751127313,30358640.98,288407089.3,2679150066,15179320.49,0,30358640.98,45537961.47,15179320.49,0,0,675479761.8,0,2079566907,0,166972525.4,60717281.96,736197043.8,0,22768980.74,75896602.45,68306942.21,98665583.19,22768980.74,311176070,197331166.4,113844903.7,91075922.94,1206755979,425020973.7,0,0,705838402.8,52581166177,0,0,0,0,0,0,0,0,0,0,0,0,781735005.2,0,37948301.23,0,0,0,0,0,0,0,0,0,0,0,0,0,106255243.4,0,0,129024224.2,35610685870,0,0,Keto,Stool,4,1P,1
M1P D7 Stool,0,347267191.1,0,0,0,262379655.5,0,0,0,0,16830883196,2901610308,54019340.84,1713184810,10672678340,277813752.9,0,0,6652095972,486174067.6,0,0,0,0,0,46302292.15,0,0,0,30868194.77,2978780795,0,3040517184,0,0,0,0,7717048.692,0,0,0,926045843,0,0,0,0,0,0,23151146.07,0,879743550.8,0,223794412.1,7717048.692,694534382.2,100321633,0,1064952719,138906876.4,0,4792287237,0,0,0,0,223794412.1,648232090.1,123472779.1,0,0,54019340.84,0,1443088105,2060452001,23151146.07,463022921.5,3711900421,0,0,54019340.84,23151146.07,0,0,0,277813752.9,0,1095820914,0,77170486.92,123472779.1,617363895.3,0,15434097.38,77170486.92,30868194.77,108038681.7,0,493891116.3,401286532,46302292.15,15434097.38,493891116.3,169775071.2,0,0,154340973.8,50006475521,0,0,0,0,0,0,0,0,0,0,0,0,709968479.6,0,1443088105,0,0,0,0,0,0,0,0,0,30868194.77,0,0,0,0,23151146.07,0,15434097.38,30073338751,0,0,Keto,Stool,7,1P,1
M1P LSI-S,0,7739897.524,0,0,0,7739897.524,0,0,0,0,286662.8712,0,0,7596566.088,73099032.17,429994.3069,0,0,0,0,0,0,0,0,0,0,0,0,0,573325.7425,305439289.3,0,66792449,429994.3069,0,0,0,18489755.2,0,0,0,0,0,0,0,0,0,0,143331.4356,0,12613166.33,0,286662.8712,0,143331.4356,0,859988.6137,143331.4356,4443274.504,0,1003320.049,0,0,0,0,0,1146651.485,0,0,0,0,0,1003320.049,1289982.921,0,0,64929140.34,0,0,0,0,0,0,0,0,0,429994.3069,0,0,0,0,0,0,0,0,0,0,0,429994.3069,0,0,859988.6137,0,0,0,143331.4356,2102958823,0,0,0,0,0,0,0,0,0,0,0,0,5303263.118,0,22216372.52,0,0,0,143331.4356,0,0,0,0,0,0,0,0,0,0,0,0,0,85568867.07,286662.8712,0,Keto,Lower SI Mucosa,10,1P,1
M1P LSI-S noC,7822.96343,868348.9407,23468.89029,7822.96343,0,539784.4767,0,0,0,15645.92686,7822.96343,0,31291.85372,962224.5019,4584256.57,39114.81715,23468.89029,0,15645.92686,0,0,0,0,0,23468.89029,7822.96343,0,62583.70744,0,39114.81715,62607176.33,0,2409472.736,15645.92686,0,0,0,148636.3052,0,0,0,0,0,0,0,0,0,0,0,0,633660.0378,0,46937.78058,0,54760.74401,0,31291.85372,23468.89029,219042.976,0,250334.8298,0,0,31291.85372,0,15645.92686,391148.1715,0,0,0,78229.6343,0,297272.6103,265980.7566,0,0,4185285.435,0,0,0,0,0,0,0,0,0,39114.81715,0,39114.81715,0,15645.92686,0,0,0,0,0,0,0,15645.92686,0,0,46937.78058,0,0,0,31291.85372,62654114.11,0,0,0,0,0,70406.67087,0,0,0,31291.85372,0,0,203397.0492,31291.85372,2057439.382,15645.92686,31291.85372,0,0,0,211220.0126,0,0,15645.92686,0,0,0,0,0,0,0,0,7658681.198,0,414617.0618,Keto,Lower SI Mucosa noC,10,1P,1
M2NP CC,0,31395193.72,0,0,0,231539553.7,0,0,0,0,2060309588,19621996.08,0,243312751.4,2645045071,0,0,0,145202771,27470794.51,0,0,0,0,0,0,0,0,0,2696062261,1620776876,0,1267580947,0,0,15697596.86,0,0,0,0,0,0,0,0,0,0,0,3924399.216,0,0,2429203114,0,262934747.4,0,686769862.7,0,58865988.23,404213119.2,514096297.2,7848798.431,3296495341,0,0,7848798.431,0,0,15697596.86,164824767.1,0,0,27470794.51,62790387.45,2209436758,3637918073,78487984.31,247237150.6,1809148038,19621996.08,0,7848798.431,11773197.65,0,0,0,266859146.7,0,604357479.2,0,74563585.09,0,655374669,0,0,43168391.37,47092790.59,7848798.431,3924399.216,23546395.29,0,3924399.216,82412383.53,580811083.9,325725134.9,0,0,168749166.3,23927062017,0,0,0,0,0,0,0,0,0,0,0,0,698543060.4,0,769182246.2,0,0,0,235463952.9,0,0,0,0,0,0,0,0,0,3924399.216,0,0,0,21034779795,0,0,Keto,Cecum Contents,10,2NP,2
M2NP D0 Stool,0,85446431.78,0,0,0,769017886,56964287.85,0,0,0,8345268171,1139285757,2563392953,13158750494,1.00001E+11,2278571514,0,4386250165,9797857511,769017886,0,0,1737410780,1224732189,0,28482143.93,0,0,0,0,3.60812E+11,0,0,28482143.93,655089310.3,0,0,7519285997,0,0,0,398750015,0,170892863.6,0,0,199375007.5,0,0,854464317.8,256339295.3,541160734.6,0,0,256339295.3,170892863.6,199375007.5,0,797500030,0,3759642998,512678590.7,0,0,0,2079196507,427232158.9,0,227857151.4,142410719.6,284821439.3,0,569642878.5,1908303643,0,1167767901,0,0,113928575.7,0,0,0,1737410780,0,769017886,0,569642878.5,0,968392893.5,0,142410719.6,0,227857151.4,227857151.4,170892863.6,0,142410719.6,7149018126,1509553628,142410719.6,1538035772,85446431.78,170892863.6,0,56964287.85,1139285757,512678590.7,0,854464317.8,0,0,0,0,0,0,0,0,0,0,0,0,3959018006,0,0,0,28482143.93,0,0,0,0,0,427232158.9,0,0,0,256339295.3,284821439.3,28482143.93,1082321469,825982173.9,0,0,Keto,Stool,0,2NP,2
M2NP D10 Stool,0,118167033,0,0,0,1004419780,0,23633406.59,0,0,10339615385,472668131.9,0,744452307.7,7420889670,47266813.19,0,0,1063503297,70900219.78,0,0,0,0,0,11816703.3,0,0,0,7007305055,4242196484,0,2847825495,0,0,11816703.3,0,0,0,0,0,0,0,0,0,0,0,0,35450109.89,0,460851428.6,0,307234285.7,0,449034725.3,0,59083516.48,189067252.7,283600879.1,0,980786373.6,0,0,0,11816703.3,0,0,224517362.6,0,0,11816703.3,47266813.19,1169853626,2895092308,23633406.59,271784175.8,5790184615,11816703.3,0,23633406.59,0,0,0,0,378134505.5,0,815352527.5,0,189067252.7,0,378134505.5,11816703.3,23633406.59,106350329.7,23633406.59,70900219.78,0,319050989,0,11816703.3,413584615.4,484484835.2,319050989,0,0,992603076.9,91957585055,0,0,0,0,0,0,0,0,0,0,0,0,342684395.6,0,3320493626,0,0,0,673552087.9,0,0,0,0,0,0,0,0,0,11816703.3,0,0,23633406.59,80885334066,0,0,Keto,Stool,10,2NP,2
M2NP D4 Stool,0,22486758.43,0,0,0,337301376.5,0,0,0,0,15144831806,685846132.3,44973516.87,1011904130,10782400669,67460275.3,0,0,2271162602,213624205.1,0,0,0,0,0,7330683250,0,0,0,0,15594566974,0,4890869960,0,0,44973516.87,0,11243379.22,0,0,0,0,0,0,22486758.43,0,0,33730137.65,78703654.52,22486758.43,1697750262,0,4609785479,0,13649462370,157407309,573412340.1,3822748934,2080025155,224867584.3,7611767730,0,0,157407309,0,0,5048277269,528438823.2,0,0,652115994.6,0,30458314300,13773139541,224867584.3,685846132.3,5464282300,854496820.5,0,314814618.1,438491789.5,168650688.3,0,0,6206345328,22486758.43,7645497868,0,1000660750,0,7353170008,56216896.09,112433792.2,0,663359373.8,191137446.7,44973516.87,326057997.3,101190413,629629236.2,236110963.6,5835313814,2833331563,0,0,438491789.5,10175258192,0,0,0,0,0,0,0,0,0,0,0,0,5700393263,0,78703654.52,0,0,0,22486758.43,0,0,0,0,0,0,0,0,0,0,0,0,303571238.9,17460967924,0,0,Keto,Stool,4,2NP,2
M2NP D7 Stool,0,137250008.8,0,0,0,1317600085,0,0,0,0,32514527095,3074400198,0,1084275070,9868275636,68625004.42,0,0,2250900145,247050015.9,0,0,0,0,0,41175002.65,0,0,0,658800042.4,9785925630,0,4886100315,0,0,0,0,0,0,0,0,0,0,0,0,0,0,0,27450001.77,0,301950019.5,0,384300024.8,0,1784250115,0,0,233325015,466650030.1,0,1166625075,0,0,0,0,0,150975009.7,480375030.9,0,0,0,0,2511675162,3458700223,0,233325015,10746675692,27450001.77,0,41175002.65,13725000.88,0,0,0,658800042.4,0,590175038,0,192150012.4,0,439200028.3,0,0,68625004.42,27450001.77,0,0,27450001.77,0,0,274500017.7,617625039.8,192150012.4,0,0,672525043.3,86604755579,0,0,0,0,0,0,0,0,0,0,0,0,1166625075,0,15042600969,0,0,0,466650030.1,0,0,0,0,0,0,0,0,0,192150012.4,0,0,27450001.77,72413104665,0,0,Keto,Stool,7,2NP,2
M2NP LI-S,0,2637677.318,0,0,0,21760837.87,0,0,0,0,664694684,94296964.1,0,38905740.43,287506827.6,2637677.318,0,0,193209863.5,14507225.25,0,0,0,0,0,24398515.19,0,0,0,257173538.5,141115736.5,0,90340448.13,0,0,5934773.964,0,0,0,0,0,0,0,0,0,0,0,0,5934773.964,0,281572053.6,0,106166512,0,298716956.2,0,9891289.941,129246188.6,89681028.8,7913031.953,640296168.8,0,0,0,0,0,3956515.976,66601352.27,0,0,2637677.318,9231870.611,654803394.1,1585903487,9891289.941,37586901.78,191231605.5,1978257.988,0,5934773.964,5934773.964,3297096.647,0,0,119354898.6,0,354767599.2,0,30992708.48,0,176724380.3,0,0,4615935.306,11210128.6,1978257.988,0,4615935.306,0,3297096.647,8572451.282,130565027.2,137159220.5,0,0,14507225.25,3241705423,0,0,0,0,0,0,0,0,0,0,0,0,162217155,0,189253347.5,0,0,0,20441999.21,0,0,0,0,0,0,0,0,0,1318838.659,0,0,1978257.988,2255873526,0,0,Keto,Colon Mucosa,10,2NP,2
M2NP LI-S noC,0,62619.19509,0,0,0,992961.5222,0,0,0,0,3068340.559,71564.79439,0,751430.3411,5778857.147,17891.1986,0,0,322041.5748,98401.59229,0,0,0,0,0,8417808.94,0,0,0,10233765.6,7326445.826,0,1592316.675,0,0,0,0,0,0,0,0,0,0,0,0,0,0,0,53673.59579,0,2173780.63,0,152075.1881,0,304150.3762,0,98401.59229,187857.5853,1145036.71,17891.1986,1341839.895,0,0,0,8945.599299,0,35782.39719,62619.19509,0,0,8945.599299,152075.1881,1932249.449,2612114.995,26836.7979,169966.3867,4114975.677,0,0,0,0,0,0,0,125238.3902,0,366769.5712,0,8945.599299,0,330987.1741,0,0,17891.1986,8945.599299,17891.1986,8945.599299,53673.59579,0,0,80510.39369,125238.3902,339932.7734,0,0,71564.79439,80116787.32,0,0,0,0,0,44727.99649,0,0,0,0,0,0,778267.139,0,4356506.858,0,0,0,608300.7523,8945.599299,89455.99299,0,0,0,0,0,0,0,0,0,0,0,33402867.78,143129.5888,0,Keto,Colon Mucosa noC,10,2NP,2
M2NP LSI-C,0,44124636.87,0,0,0,181401284.9,0,0,0,0,0,0,0,62101340.78,313775195.5,0,0,0,0,0,0,0,0,0,0,0,0,0,0,2191523631,2082029162,0,1447941788,0,0,0,0,0,0,0,0,0,0,0,0,0,0,0,0,0,140545139.7,0,0,0,0,0,0,0,49027374.3,0,0,0,0,0,0,0,0,0,0,0,0,0,0,1634245.81,0,0,1292688436,0,0,0,0,0,0,0,0,0,0,0,0,0,0,0,0,0,0,0,0,0,0,0,0,0,0,0,0,13073966.48,17566508212,0,0,0,0,0,0,0,0,0,0,0,0,17976703.91,0,696188715.1,0,0,0,65369832.4,0,0,0,0,0,0,0,0,0,0,0,0,0,5701883631,0,0,Keto,Lower SI Contents,10,2NP,2
M2NP LSI-S,0,2064048.046,0,0,0,16254378.36,0,0,0,0,2322054.052,0,0,20640480.46,121004816.7,0,0,0,774018.0173,0,0,0,0,0,0,0,0,0,0,258006005.8,254909933.7,0,179056168,0,0,0,0,0,0,0,0,0,0,0,0,0,0,0,258006.0058,0,14964348.33,0,0,0,516012.0115,0,2580060.058,0,10578246.24,0,1032024.023,0,0,0,0,0,0,0,0,0,0,1032024.023,774018.0173,1806042.04,0,0,178024144,0,0,0,0,0,0,0,0,0,1032024.023,0,258006.0058,0,774018.0173,0,0,0,0,0,0,0,0,0,258006.0058,0,774018.0173,0,0,5160120.115,2706224994,0,0,0,0,0,0,0,0,0,0,0,0,5160120.115,0,203566738.5,0,0,0,16512384.37,0,0,0,0,0,0,0,0,0,1290030.029,0,0,0,1023509825,0,0,Keto,Lower SI Mucosa,10,2NP,2
M2NP SC,0,110712597.5,0,0,0,608919286.5,0,0,0,0,1217838573,33213779.26,0,221425195.1,2037111795,0,0,0,22142519.51,16606889.63,0,0,0,0,0,154997636.6,0,0,0,7517385373,4982066890,0,3160844660,0,0,0,0,0,0,0,0,0,0,0,0,0,0,0,11071259.75,0,381958461.5,0,0,0,16606889.63,0,22142519.51,16606889.63,143926376.8,0,243567714.6,0,0,0,0,0,0,11071259.75,0,0,22142519.51,55356298.77,221425195.1,160533266.4,0,22142519.51,2225323211,0,0,0,0,0,0,0,16606889.63,0,55356298.77,0,22142519.51,0,55356298.77,0,0,0,0,22142519.51,11071259.75,16606889.63,0,0,83034448.16,11071259.75,27678149.39,0,0,226960825,63194750680,0,0,0,0,0,0,0,0,0,0,0,0,166068896.3,0,680882474.9,0,0,0,271245864,0,0,0,0,0,0,0,0,0,0,0,0,0,19446667759,0,0,Keto,Stomach Contents,10,2NP,2
M2NP USI-C,0,4001384.91,0,0,0,18006232.09,0,0,0,0,28509867.48,1500519.341,0,42514714.66,189065437,0,0,0,2000692.455,2500865.568,0,0,0,0,0,0,0,0,0,448655283,486168266.5,0,37012810.41,0,0,0,0,0,0,0,0,0,0,0,0,0,0,0,500173.1137,0,33511598.62,0,0,0,0,0,2000692.455,0,13504674.07,0,2500865.568,0,0,0,0,0,0,0,0,0,0,3001038.682,500173.1137,2500865.568,0,0,179562147.8,0,0,0,0,0,0,0,0,0,0,0,0,0,0,0,0,0,0,0,0,0,0,0,3001038.682,0,0,0,0,3501211.796,4820168297,0,0,0,0,0,0,0,0,0,0,0,0,26509175.03,0,368127411.7,0,0,0,25008655.68,0,0,500173.1137,0,0,0,0,0,0,0,0,0,0,3009041452,0,0,Keto,Upper SI Contents,10,2NP,2
M2NP USI-S,0,665617.3811,0,0,0,4659321.668,0,0,0,0,2038453.23,124803.259,0,4700922.754,27165509.37,0,0,0,416010.8632,124803.259,41601.08632,0,0,0,0,166404.3453,0,0,0,29786377.8,35360923.37,0,19386106.22,0,0,0,0,0,0,0,0,0,0,0,0,0,0,0,83202.17264,0,3619294.51,0,41601.08632,0,166404.3453,0,0,83202.17264,1622442.366,0,499213.0358,0,0,0,0,0,0,41601.08632,0,0,0,416010.8632,790420.64,1289633.676,0,0,31533623.43,0,0,0,0,0,0,0,41601.08632,0,249606.5179,0,41601.08632,0,249606.5179,0,0,0,0,41601.08632,41601.08632,0,0,0,124803.259,0,374409.7769,0,0,707218.4674,341461716.5,0,0,0,0,0,0,83202.17264,0,0,0,0,0,2288059.748,0,43764342.81,0,0,0,2412863.006,0,41601.08632,208005.4316,0,0,0,0,0,0,0,0,0,41601.08632,253766626.5,457611.9495,0,Keto,Upper SI Mucosa,10,2NP,2
M2NP USI-S noC,0,403601.3593,0,0,0,5650419.03,0,0,0,0,10190934.32,706302.3787,0,20886370.34,98579632,302701.0195,0,0,302701.0195,504501.6991,0,0,0,0,0,100900.3398,0,0,0,99285934.38,78096863.02,0,28655696.51,0,0,100900.3398,0,0,0,0,0,0,0,0,0,0,0,0,302701.0195,0,5246817.671,0,201800.6796,0,1210804.078,0,302701.0195,302701.0195,4944116.651,100900.3398,1816206.117,0,0,0,0,0,0,201800.6796,0,0,100900.3398,302701.0195,3228810.874,6457621.749,100900.3398,605402.0389,71538340.93,0,0,0,0,0,0,0,201800.6796,0,504501.6991,0,504501.6991,0,403601.3593,0,0,100900.3398,0,100900.3398,100900.3398,100900.3398,0,0,0,504501.6991,504501.6991,0,0,2320707.816,764521874.8,0,0,0,0,0,0,0,0,0,0,0,0,8980130.244,0,111696676.2,0,0,0,8172927.525,0,100900.3398,0,0,0,0,0,0,0,201800.6796,0,0,0,626086608.6,1715305.777,0,Keto,Upper SI Mucosa noC,10,2NP,2
M2P D0 Stool,0,0,0,0,0,628232181.8,64434069.93,0,96651104.9,0,10631621538,306061832.2,1192030294,21134374937,80945300350,2963967217,0,4075454923,4880880797,144976657.3,0,0,354387384.6,338278867.1,0,1320898434,0,0,0,0,1.54545E+11,0,0,0,32217034.97,64434069.93,0,6411189958,0,0,0,402712937.1,0,354387384.6,0,0,0,0,0,80542587.41,225519244.8,370495902.1,0,0,209410727.3,0,128868139.9,0,1224247329,48325552.45,8134801329,161085174.8,0,0,0,853751426.6,1771936923,32217034.97,0,48325552.45,289953314.7,0,966511049,338278867.1,0,0,0,241627762.2,48325552.45,0,48325552.45,0,0,0,225519244.8,0,80542587.41,0,773208839.2,563798111.9,354387384.6,0,16108517.48,0,0,0,0,289953314.7,934294014,32217034.97,144976657.3,241627762.2,209410727.3,0,0,193302209.8,289953314.7,0,32217034.97,112759622.4,0,0,0,0,0,0,0,0,0,16108517.48,0,2287409483,0,0,0,96651104.9,0,0,0,0,0,0,0,0,0,0,0,0,0,1111487706,0,0,Keto,Stool,0,2P,2
M2P D10 Stool,0,38670675.99,0,0,0,670291717.2,0,0,0,0,11781665952,605840590.5,0,2165557855,9500096068,244914281.3,0,90231577.31,1456595462,180463154.6,0,0,0,0,0,12890225.33,0,0,0,0,15803416255,0,1881972898,0,0,0,0,51560901.32,0,0,0,0,0,0,0,0,0,0,0,90231577.31,128902253.3,0,412487210.6,0,3557702191,0,103121802.6,6741587848,116012028,0,1456595462,0,0,0,0,3351458586,154682704,257804506.6,0,0,103121802.6,0,850754871.8,2088216503,77341351.98,1095669153,8017720155,0,0,38670675.99,0,0,0,51560901.32,1250351857,0,1611278166,0,360926309.2,0,1804631546,0,0,0,64451126.65,38670675.99,0,1366363885,0,309365407.9,25780450.66,824974421.1,399596985.2,0,0,3931518726,1.09399E+11,0,0,0,0,0,0,0,0,0,0,0,0,515609013.2,0,515609013.2,0,0,0,0,0,0,0,0,0,0,0,0,0,116012028,0,0,90231577.31,55556871173,0,0,Keto,Stool,10,2P,2
M2P D4 Stool,0,0,0,0,0,264281118,0,0,0,0,37704106168,1387475870,759808214.3,1640745274,19920189269,991054192.5,0,143152272.3,3193396843,22023426.5,0,0,22023426.5,0,0,22023426.5,0,0,0,44046853,19226451335,0,3160361703,0,44046853,33035139.75,0,55058566.25,0,0,0,0,0,0,0,11011713.25,0,0,0,0,528562236,0,385409963.8,0,11088795243,0,363386537.3,2301448069,902960486.5,121128845.8,15647644528,0,0,99105419.25,0,781831640.8,352374824,429456816.8,0,55058566.25,1156229891,0,10053694197,14920871454,165175698.8,1640745274,15075035439,198210838.5,0,110117132.5,110117132.5,0,0,0,4151415895,0,4360638447,0,693737934.8,187199125.3,2554717474,88093706,0,198210838.5,220234265,198210838.5,0,2841022019,1453546149,1629733561,715761361.3,2026155238,1233311884,0,0,1905026392,121128845.8,0,0,0,0,0,0,0,0,0,0,0,0,2059190378,0,0,0,0,0,55058566.25,0,0,0,0,0,0,0,0,0,55058566.25,0,187199125.3,154163985.5,22507941883,0,0,Keto,Stool,4,2P,2
M2P D7 Stool,0,47387722.57,0,0,0,252734520.4,0,0,0,0,75441254335,5244241298,142163167.7,4185915494,23804432639,426489503.2,0,110571352.7,14642806275,1626978475,0,0,0,0,0,78979537.62,0,0,0,0,13521296841,0,2116651608,0,0,0,0,31591815.05,0,0,0,0,0,0,0,0,0,0,0,0,63183630.1,0,300122243,0,5702322616,0,157959075.2,4091140049,379101780.6,0,1848121180,0,0,0,0,5212649483,15795907.52,157959075.2,0,15795907.52,47387722.57,0,1358448047,1469019400,47387722.57,758203561.2,7976933300,47387722.57,0,47387722.57,31591815.05,0,0,47387722.57,1358448047,0,1200488972,0,173754982.8,0,1611182567,0,0,0,31591815.05,47387722.57,0,647632208.5,0,710815838.6,426489503.2,1121509434,379101780.6,0,0,4059548234,63294201449,0,0,0,0,0,0,0,0,0,0,0,0,552856763.3,0,426489503.2,0,0,0,0,0,0,0,0,0,0,0,0,0,0,0,0,268530427.9,60261387205,0,0,Keto,Stool,7,2P,2
M2P LSI-S,0,1117284.354,0,0,0,11731485.72,0,0,0,0,6703706.126,744856.2362,0,32587460.33,181558707.6,2979424.945,0,0,558642.1771,0,0,0,0,0,0,372428.1181,0,0,0,3165639.004,373172974.3,0,103348802.8,744856.2362,0,0,0,75416693.91,0,0,0,0,0,0,0,0,0,0,0,0,1303498.413,0,0,0,1489712.472,0,5400207.712,4655351.476,7634776.421,0,1489712.472,0,0,0,0,27745894.8,1117284.354,0,0,0,931070.2952,0,0,5400207.712,0,0,177461998.3,0,0,0,0,0,0,0,0,0,372428.1181,0,372428.1181,0,558642.1771,0,0,0,0,0,0,1117284.354,0,0,0,1117284.354,931070.2952,0,0,15269552.84,2325068741,0,0,0,0,0,0,0,0,0,0,0,0,2793210.886,0,11359057.6,0,372428.1181,0,0,0,558642.1771,0,0,0,0,0,0,0,744856.2362,0,0,931070.2952,240774778.3,0,0,Keto,Lower SI Mucosa,10,2P,2
M3NP CC,0,69531708.35,0,0,0,372491294.7,0,0,0,0,2175349161,19866202.38,0,79464809.54,3476585417,9933101.192,0,0,342691991.1,9933101.192,0,0,0,0,0,34765854.17,0,0,0,14899651.79,17839849741,0,2547840456,0,0,0,0,29799303.58,0,0,0,0,0,0,0,4966550.596,0,24832752.98,24832752.98,0,2811067637,0,89397910.73,0,1211838345,0,163896169.7,630751925.7,670484330.5,9933101.192,4142103197,0,0,59598607.15,4966550.596,0,655584678.7,59598607.15,0,0,94364461.33,0,5244677430,7300829376,64565157.75,148996517.9,3104094123,4966550.596,0,49665505.96,0,0,0,0,437056452.5,0,794648095.4,0,54632056.56,0,1033042524,0,14899651.79,0,14899651.79,9933101.192,14899651.79,173829270.9,0,34765854.17,84431360.14,1077741479,342691991.1,0,0,163896169.7,34646656959,0,0,0,0,0,0,0,0,0,0,0,0,397324047.7,0,263227181.6,0,0,0,0,0,0,0,0,0,0,0,0,0,49665505.96,0,0,0,3640481587,0,0,Keto,Cecum Contents,10,3NP,3
M3NP D0 Stool,0,0,0,0,0,277446006.7,0,0,0,0,26665643976,893992688.2,6011330145,20561831829,1.16404E+11,19976112482,0,17139997747,9525646230,215791338.5,0,0,0,215791338.5,0,61654668.15,0,0,0,30827334.08,2.95603E+11,0,0,0,154136670.4,30827334.08,0,38225894255,678201349.7,0,0,832338020.1,0,0,61654668.15,0,0,0,0,61654668.15,493237345.2,1787985376,0,0,986474690.4,0,0,369928008.9,277446006.7,154136670.4,3606798087,215791338.5,0,184964004.5,0,3144388076,1695503374,0,308273340.8,554892013.4,369928008.9,0,2435359392,3822589425,0,369928008.9,0,61654668.15,61654668.15,0,0,0,3421834082,154136670.4,616546681.5,0,215791338.5,0,154136670.4,0,339100674.8,30827334.08,0,0,0,0,0,5394783463,308273340.8,0,1787985376,0,308273340.8,277446006.7,0,4038380764,647374015.6,400755343,709028683.8,369928008.9,0,0,0,0,0,61654668.15,0,0,0,0,0,4932373452,0,0,0,0,0,0,0,0,0,647374015.6,0,0,0,154136670.4,647374015.6,0,924820022.3,61654668.15,0,0,Keto,Stool,0,3NP,3
M3NP D10 Stool,0,213966666.7,0,0,0,841602222.2,0,0,0,0,9557177778,171173333.3,0,213966666.7,10755391111,0,0,0,727486666.7,57057777.78,0,0,0,0,0,1312328889,0,0,0,0,21624897778,0,4693002222,0,0,85586666.67,0,57057777.78,0,0,0,0,0,0,0,42793333.33,0,128380000,71322222.22,0,5306373333,0,356611111.1,0,4450506667,0,185437777.8,2424955556,1640411111,42793333.33,11340233333,0,0,156908888.9,0,0,2168195556,356611111.1,0,0,156908888.9,0,16832044444,22466500000,142644444.4,271024444.4,5648720000,28528888.89,0,114115555.6,0,0,0,0,2424955556,0,5063877778,0,456462222.2,0,3409202222,28528888.89,42793333.33,0,71322222.22,57057777.78,28528888.89,556313333.3,0,114115555.6,99851111.11,4764324444,1412180000,0,0,641900000,1.18366E+11,0,0,0,0,0,0,0,0,0,0,0,0,2111137778,0,1840113333,0,0,0,28528888.89,0,0,0,0,0,0,0,0,0,370875555.6,0,0,0,11625522222,0,0,Keto,Stool,10,3NP,3
M3NP D4 Stool,0,187145136.6,0,0,0,320820234.2,0,0,0,0,29729341698,975828212.2,120307587.8,2472989305,22978749271,494597861,0,120307587.8,2058596502,374290273.2,0,0,0,0,0,561435409.8,0,0,0,40102529.27,27390027491,0,4184030554,13367509.76,0,13367509.76,0,40102529.27,0,0,0,13367509.76,0,0,0,0,0,66837548.78,66837548.78,0,1817981327,0,2112066542,0,15225593613,0,387657782.9,5306901373,1162973349,147042607.3,7392232895,0,0,187145136.6,0,66837548.78,962460702.5,360922763.4,0,0,695110507.3,0,16041011708,7418967915,253982685.4,748580546.4,6108951959,227247665.9,0,414392802.5,120307587.8,13367509.76,213880156.1,0,3168099812,66837548.78,8662146322,0,1657571210,0,4130560515,26735019.51,227247665.9,80205058.54,240615175.6,26735019.51,13367509.76,1189708368,601537939,1470426073,561435409.8,4691995925,1804613817,0,0,4852406042,6964472583,0,0,0,0,0,0,0,0,0,0,0,0,7231822778,0,0,0,0,0,0,0,0,0,0,0,0,0,0,0,0,0,26735019.51,147042607.3,53216056341,0,0,Keto,Stool,4,3NP,3
M3NP D7 Stool,0,225880872.9,0,0,0,879746557.6,0,0,0,0,16738961528,903523491.5,0,1783270049,15859214970,202103938.9,0,23776933.99,1283954435,118884669.9,0,0,0,0,0,11888466.99,0,0,0,59442334.97,9344335057,0,3055336017,0,0,0,0,71330801.96,0,0,0,0,0,0,0,0,0,0,11888466.99,0,1248289034,0,249657806.9,0,2044816323,0,59442334.97,332877075.8,368542476.8,23776933.99,927300425.5,0,0,0,0,71330801.96,1783270049,178327004.9,0,0,35665400.98,0,1735716181,3637870900,59442334.97,297211674.8,8940127179,0,0,35665400.98,11888466.99,0,0,0,475538679.8,0,1390950638,0,237769339.9,0,677642618.7,0,23776933.99,0,23776933.99,71330801.96,0,784638821.6,0,11888466.99,463650212.8,725196486.6,225880872.9,0,0,1688162313,85157089078,0,0,0,0,0,0,0,0,0,0,0,0,154550070.9,0,6253333639,0,0,0,23776933.99,0,0,0,0,0,0,0,0,0,261546273.9,0,0,35665400.98,60524185466,0,0,Keto,Stool,7,3NP,3
M3NP LI-S,0,3296641.891,0,0,0,12244669.88,0,0,0,0,348502142.7,45211088.79,0,8477079.147,214752671.7,470948.8415,0,1412846.525,158238810.8,3296641.891,0,0,0,0,0,123388596.5,0,0,0,1412846.525,961677534.4,0,107376335.9,0,470948.8415,3767590.732,470948.8415,1412846.525,0,0,0,15070362.93,0,0,0,0,0,2354744.208,1883795.366,0,277859816.5,0,23547442.08,941897.683,255254272.1,0,10360874.51,142697499,86183638,6122334.94,627303856.9,0,0,7064232.623,0,0,89009331.05,30611674.7,1883795.366,0,9418976.83,941897.683,726674062.5,1440161557,5651386.098,13657516.4,175663917.9,2825693.049,941897.683,8477079.147,3296641.891,4709488.415,941897.683,0,75822763.48,1412846.525,357921119.6,0,29669777.02,0,143168447.8,0,2354744.208,0,4238539.574,470948.8415,0,16012260.61,0,470948.8415,6593283.781,171896327.2,54630065.62,0,0,8006130.306,2091483805,0,0,0,0,0,0,0,0,0,0,0,0,50391526.04,0,64519991.29,0,0,0,941897.683,0,0,0,0,0,0,0,0,0,4238539.574,0,0,2354744.208,128569033.7,0,941897.683,Keto,Colon Mucosa,10,3NP,3
M3NP LSI-C,0,27123574.44,0,0,0,81370723.33,0,0,0,0,11168530.65,0,0,9573026.274,432381686.7,0,0,0,3191008.758,0,0,0,0,0,0,0,0,0,0,0,10324508837,0,1032291333,0,0,0,0,11168530.65,0,0,0,0,0,0,0,0,0,0,9573026.274,0,239325656.9,0,0,0,0,0,14359539.41,3191008.758,121258332.8,4786513.137,0,0,0,0,0,0,22337061.31,0,0,0,3191008.758,0,12764035.03,92539253.98,0,0,89348245.23,0,0,0,0,0,0,0,0,0,0,0,9573026.274,0,0,0,0,0,0,0,0,0,0,0,0,0,6382017.516,0,0,6382017.516,18330749811,0,0,0,0,0,0,0,0,0,0,0,0,17550548.17,0,28719078.82,0,0,0,0,0,0,0,0,0,0,0,0,0,0,0,0,0,167527959.8,0,0,Keto,Lower SI Contents,10,3NP,3
M3NP LSI-S,0,2820387.96,0,0,0,13396842.81,0,0,0,0,8461163.88,0,0,7403518.395,307422287.6,352548.495,0,0,0,0,0,0,0,0,0,1410193.98,0,0,0,3525484.95,2600397699,0,196722060.2,1762742.475,0,0,0,31729364.55,0,0,0,0,0,0,0,0,0,0,1410193.98,0,57112856.19,0,0,0,0,0,7050969.9,705096.99,60285792.64,705096.99,1410193.98,0,0,2467839.465,0,0,705096.99,0,0,0,1410193.98,0,14807036.79,34549752.51,0,0,49004240.8,0,0,0,0,0,0,0,0,0,1410193.98,0,705096.99,0,1057645.485,0,0,0,0,0,0,1762742.475,0,0,705096.99,1057645.485,1057645.485,0,0,2820387.96,3334051117,0,0,0,0,0,0,0,0,0,0,0,0,6345872.91,0,31729364.55,0,0,0,352548.495,0,352548.495,0,0,0,0,0,0,0,1057645.485,0,0,0,83201444.82,0,0,Keto,Lower SI Mucosa,10,3NP,3
M3NP SC,0,61196190.35,0,0,0,176788994.4,0,0,0,0,208520352.3,11332627.84,0,18132204.55,1019936506,2266525.569,0,0,20398730.12,0,0,0,0,0,0,389842397.8,0,0,0,38530934.67,12243771122,0,2771960770,6799576.706,0,0,0,0,0,0,0,0,0,0,0,0,0,9066102.274,11332627.84,0,491836048.4,0,0,0,29464832.39,0,31731357.96,33997883.53,181322045.5,0,106526701.7,0,0,15865678.98,0,0,38530934.67,11332627.84,0,0,15865678.98,0,482769946.1,503168676.2,2266525.569,2266525.569,895277599.6,0,0,11332627.84,0,0,0,0,20398730.12,0,45330511.37,0,13599153.41,0,49863562.51,0,0,0,0,0,13599153.41,33997883.53,0,0,31731357.96,86127971.61,47597036.94,0,0,40797460.23,23143492581,0,0,0,0,0,0,0,0,0,0,0,0,49863562.51,0,20398730.12,0,0,0,4533051.137,0,0,0,0,0,0,0,0,0,24931781.25,0,0,0,727554707.5,0,0,Keto,Stomach Contents,10,3NP,3
M3NP USI-C,0,14232537.21,0,0,0,57577082.36,0,0,0,0,11644803.17,0,0,21348805.82,1123076573,2587734.039,0,0,1293867.019,0,0,0,0,0,0,0,0,0,0,4528534.568,2521099887,0,243893933.1,1940800.529,0,0,0,3234667.548,0,0,0,0,0,0,0,0,0,646933.5097,646933.5097,0,158498709.9,0,646933.5097,0,646933.5097,0,10997869.66,7763202.116,42050678.13,2587734.039,3234667.548,0,0,3234667.548,0,1293867.019,24583473.37,0,0,0,12938670.19,0,80866688.71,160439510.4,0,0,326054488.9,0,0,0,0,0,0,0,1293867.019,0,7116268.606,0,14879470.72,0,1940800.529,0,0,0,0,0,646933.5097,4528534.568,0,646933.5097,1940800.529,2587734.039,8410135.626,0,0,9704002.645,7153790750,0,0,0,0,0,0,0,0,0,0,0,0,12291736.68,0,48520013.22,0,0,0,1293867.019,0,0,0,0,0,0,0,0,0,5822401.587,0,0,0,496198001.9,0,0,Keto,Upper SI Contents,10,3NP,3
M3NP USI-S,0,1781527.435,0,0,0,5233236.84,0,0,0,0,1837200.167,389709.1263,0,1614509.238,7515818.865,0,0,0,55672.73234,0,0,0,0,0,0,0,0,0,0,890763.7174,354690977.7,0,24663020.42,167018.197,0,0,0,0,0,0,0,0,0,0,0,0,0,55672.73234,55672.73234,0,12415019.31,0,556727.3234,0,501054.591,0,668072.788,1224800.111,4676509.516,0,723745.5204,0,0,389709.1263,0,0,1391818.308,111345.4647,0,0,111345.4647,0,9909746.356,7905527.992,55672.73234,167018.197,1224800.111,0,0,0,55672.73234,0,0,0,278363.6617,0,501054.591,0,167018.197,0,222690.9293,0,0,0,111345.4647,0,0,167018.197,0,111345.4647,0,278363.6617,389709.1263,0,0,55672.73234,615907437.8,0,0,0,0,0,55672.73234,0,0,0,0,0,0,835090.985,0,111345.4647,0,0,0,167018.197,0,0,0,0,0,0,0,0,0,55672.73234,0,0,0,23772256.71,222690.9293,1169127.379,Keto,Upper SI Mucosa,10,3NP,3
M3NP USI-S noC,0,1060726.154,0,0,0,8250092.308,0,0,0,0,2592886.154,0,0,2769673.846,162998252.3,235716.9231,0,0,117858.4615,0,0,0,0,0,0,58929.23077,0,0,0,942867.6923,192227150.8,0,16441255.38,412504.6154,0,0,0,58929.23077,0,0,0,0,0,0,0,0,0,117858.4615,176787.6923,0,22864541.54,0,117858.4615,0,530363.0769,0,825009.2308,530363.0769,12080492.31,117858.4615,589292.3077,0,0,412504.6154,0,0,2357169.231,58929.23077,0,0,707150.7692,0,13259076.92,31114633.85,0,0,42193329.23,0,0,0,0,0,0,0,648221.5385,0,648221.5385,0,883938.4615,0,766080,0,0,0,412504.6154,0,117858.4615,825009.2308,0,0,294646.1538,1119655.385,1178584.615,0,0,825009.2308,526473747.7,0,0,0,0,0,0,0,0,0,0,0,0,2180381.538,0,7955446.154,0,0,0,471433.8462,0,176787.6923,0,0,0,0,0,0,0,942867.6923,0,0,0,86684898.46,0,294646.1538,Keto,Upper SI Mucosa noC,10,3NP,3
M3P D0 Stool,0,356796018.1,0,0,0,1650181584,0,0,0,0,6422328326,668992533.9,2542171629,13156853167,77647733439,5530338281,0,16680213846,11016077059,445995022.6,0,0,178398009,4013955204,0,7225119367,0,0,0,0,1.66445E+11,0,0,0,535194027.1,0,0,16368017330,44599502.26,0,445995022.6,6333129321,0,0,312196515.8,0,0,490594524.9,267597013.6,222997511.3,27027298371,11060676561,2229975113,0,19757579502,0,0,4816746244,32691435158,6288529819,80412902579,10257885520,0,6556126833,0,8072509910,18018198914,133798506.8,4593748733,579793529.4,6868323348,0,57845554434,1.16226E+11,222997511.3,1694781086,0,2542171629,2898967647,89199004.52,445995022.6,178398009,0,133798506.8,28276084434,0,10079487511,0,9990288507,1650181584,5218141765,222997511.3,0,535194027.1,1293385566,0,178398009,19757579502,6868323348,312196515.8,802791040.7,5396539774,4995144253,445995022.6,0,758191538.5,1159587059,89199004.52,535194027.1,1025788552,0,0,0,0,0,0,0,0,0,758191538.5,0,490594524.9,0,0,0,0,0,0,0,0,0,0,0,0,0,312196515.8,3077365656,0,3880156697,936589547.5,0,0,Keto,Stool,0,3P,3
M3P D10 Stool,0,212789779.6,0,0,0,1055082657,0,0,0,0,5869451420,434445800,0,310318428.6,3927744681,44331204.08,0,0,1436331012,44331204.08,0,0,0,0,0,1321069882,0,0,0,0,17138443497,0,1994904184,17732481.63,0,8866240.816,0,159592334.7,0,0,0,70929926.53,0,0,0,0,0,8866240.816,0,0,3652891216,0,1498394698,0,966420248.9,0,62063685.71,993018971.4,913222804,44331204.08,5514801787,0,0,35464963.26,0,26598722.45,2393885020,141859853.1,17732481.63,0,17732481.63,0,8458393738,11863030211,115261130.6,292585946.9,239388502,17732481.63,0,62063685.71,35464963.26,0,0,0,1356534845,0,3573095049,0,239388502,0,3147515490,0,0,0,239388502,17732481.63,17732481.63,168458575.5,0,159592334.7,0,3590827530,797961673.4,0,0,53197444.89,73128754248,0,0,0,0,0,0,0,0,0,0,0,0,2837197061,0,0,0,0,0,0,0,0,0,0,0,0,0,0,0,44331204.08,0,0,0,12102418713,0,0,Keto,Stool,10,3P,3
M3P D4 Stool,0,184233355.9,0,0,0,347996339,0,0,0,0,10511536475,1033753831,327525966.1,2630442915,13141979390,122822237.3,0,122822237.3,2763500339,255879661,0,0,0,0,0,102351864.4,0,0,0,71646305.08,26355605085,0,3848430102,0,10235186.44,30705559.32,0,204703728.8,0,0,0,112587050.8,0,0,0,0,0,0,20470372.88,0,368466711.9,0,1299868678,0,3101261492,0,40940745.76,2169859525,388937084.7,10235186.44,1832098373,0,0,0,10235186.44,317290779.7,20470372.88,163762983.1,0,40940745.76,143292610.2,0,3172907797,10214716068,92116677.97,767638983.1,6724517492,71646305.08,0,163762983.1,51175932.2,0,0,0,1525042780,10235186.44,2671383661,0,542464881.4,51175932.2,1821863186,30705559.32,0,61411118.64,81881491.53,102351864.4,40940745.76,1177046441,798344542.4,470818576.3,225174101.7,788109355.9,818814915.3,0,0,1217987186,43294838644,0,0,0,0,0,0,0,0,0,0,0,0,1391985356,0,0,0,0,0,0,0,0,0,0,0,0,0,0,0,358231525.4,61411118.64,0,173998169.5,48504548542,0,0,Keto,Stool,4,3P,3
M3P D7 Stool,0,151376250.1,0,0,0,1175392059,0,0,0,0,9046957063,614409485.6,0,1237723457,8886676328,115758308.9,0,26713455.9,1113060662,35617941.19,0,0,0,0,0,17808970.6,0,0,0,0,21130343614,0,1727470148,0,0,0,0,133567279.5,0,0,0,0,0,0,0,0,0,0,0,0,320561470.8,0,534269117.9,0,596600515,0,62331397.09,142471764.8,240421103.1,0,676740882.7,0,0,17808970.6,0,142471764.8,53426911.79,44522426.49,0,0,0,0,2350784119,4461147135,53426911.79,516460147.3,418510809,0,0,26713455.9,35617941.19,0,0,0,454128750.2,0,694549853.3,0,97949338.29,0,819212647.5,0,0,0,35617941.19,8904485.299,0,213707647.2,0,169185220.7,186994191.3,427415294.3,169185220.7,0,0,329465956.1,80184890115,0,0,0,0,0,0,0,0,0,0,0,0,837021618.1,0,0,0,0,0,0,0,0,0,0,0,0,0,0,0,391797353.1,0,0,97949338.29,32412326487,0,0,Keto,Stool,7,3P,3
M3P LI-S,0,7485160.211,0,0,0,29192124.82,0,0,0,0,699113963.7,134732883.8,0,38174317.08,285184604,4491096.127,0,0,418420455.8,9730708.274,0,0,0,0,0,2053179446,0,0,0,0,816630979,0,60629797.71,0,0,2245548.063,0,8233676.232,0,0,0,53144637.5,0,0,0,1497032.042,0,2994064.084,748516.0211,0,275453895.8,0,181889393.1,0,125002175.5,0,8982192.253,92815986.62,229794418.5,5239612.148,580848432.4,0,0,17215868.49,0,748516.0211,202099325.7,16467352.46,1497032.042,0,2245548.063,0,1300172329,1166936477,1497032.042,24701028.7,7485160.211,2994064.084,1497032.042,6736644.19,10479224.3,3742580.105,0,0,145212108.1,0,465576965.1,0,47905025.35,0,464079933.1,1497032.042,0,0,13473288.38,2994064.084,748516.0211,8982192.253,0,11227740.32,0,448361096.6,133984367.8,0,0,3742580.105,3027747305,0,0,0,0,0,0,0,748516.0211,0,0,0,0,381743170.8,0,0,0,0,0,1497032.042,0,0,0,0,0,0,0,0,0,5239612.148,0,0,5239612.148,533691923,0,0,Keto,Colon Mucosa,10,3P,3
M3P LI-S noC,0,369197.0196,0,0,0,3261240.34,0,0,0,0,44242109.52,9106859.817,0,2399780.627,17229194.25,184598.5098,0,0,26151455.56,307664.183,0,0,0,0,0,168046176.8,0,0,0,0,98144874.38,0,2153649.281,246131.3464,0,184598.5098,0,430729.8562,0,0,0,922992.549,0,0,0,0,0,0,246131.3464,0,33043133.25,0,8368465.778,0,6768612.026,0,1292189.569,11137443.42,30274155.61,492262.6928,53841232.03,0,0,1722919.425,0,0,9660655.346,1661386.588,123065.6732,0,369197.0196,0,124480928.4,87499693.65,61532.8366,1107591.059,307664.183,246131.3464,246131.3464,1169123.895,369197.0196,615328.366,0,0,19198245.02,0,58948457.46,0,4799561.255,0,50395393.18,123065.6732,0,0,1415255.242,0,0,0,0,922992.549,0,50210794.67,10399049.39,0,0,61532.8366,215611059.5,0,0,0,0,0,0,0,0,0,0,61532.8366,0,16675398.72,0,0,0,0,0,0,0,61532.8366,0,0,0,0,0,0,0,0,0,0,0,22274886.85,246131.3464,0,Keto,Colon Mucosa noC,10,3P,3
M3P LSI-S,0,6006775.783,0,0,0,10707730.74,0,0,0,0,3133969.974,783492.4935,0,4962119.125,15408685.71,0,0,0,0,0,0,0,0,0,0,2089313.316,0,0,0,0,1250715184,0,57717280.35,1305820.822,0,0,0,225384674,0,0,0,0,0,0,0,0,0,0,0,0,11230059.07,0,0,0,0,0,0,0,9663074.086,0,1044656.658,0,0,0,0,0,2089313.316,0,0,0,0,0,3395134.138,3656298.303,0,0,3656298.303,0,0,0,0,0,0,0,0,0,0,0,0,0,0,0,0,0,0,0,0,0,0,0,0,0,1566984.987,0,0,0,3439793211,0,0,0,0,0,0,0,0,0,0,0,0,2350477.48,0,0,0,0,0,0,0,0,0,0,0,0,0,0,0,783492.4935,0,0,0,35257162.21,0,0,Keto,Lower SI Mucosa,10,3P,3
M4NP D0 Stool,0,0,0,0,0,957104543.1,191420908.6,0,153136726.9,0,16194208869,842251997.9,1263377997,18950669954,44486219164,306273453.8,0,22779088126,9992171430,0,0,0,497694362.4,7044289437,0,7848257253,0,0,0,0,73007934548,0,0,38284181.72,267989272.1,459410180.7,153136726.9,27564610842,0,344557635.5,0,7541983800,0,0,229705090.3,191420908.6,0,153136726.9,306273453.8,0,23353350852,18184986319,8805361797,0,12672064151,0,2986166174,1186809633,65465950749,1799356541,44026808983,23008793216,0,4440965080,38284181.72,8077962344,21553994311,0,6699731802,0,3713565627,0,37288792999,74386165090,38284181.72,1914209086,0,765683634.5,5206648715,0,344557635.5,267989272.1,3675281446,421125999,33804932463,0,15887935416,0,20711742313,2603324357,10681286701,612546907.6,842251997.9,114852545.2,1263377997,0,76568363.45,23774476851,765683634.5,1148525452,4058123263,3483860537,4096407445,0,0,497694362.4,574262725.9,0,1071957088,0,0,0,0,0,0,0,0,0,0,1148525452,0,0,0,0,0,0,0,0,0,0,0,0,0,0,0,2143914177,650831089.3,153136726.9,4211259990,76568363.45,0,0,Control,Stool,0,4NP,4
M4NP D10 Stool,0,0,0,0,0,196320707.2,0,0,0,0,36908292947,2984074749,2120263637,2238056062,52221308106,785282828.7,0,117792424.3,6517847478,2316584345,0,0,0,39264141.43,0,157056565.7,0,0,0,78528282.87,1.31064E+11,0,10130148490,0,0,157056565.7,0,0,0,0,0,863811111.5,0,0,0,0,0,0,0,0,824546970.1,942339394.4,0,0,1334980809,0,0,157056565.7,196320707.2,78528282.87,628226262.9,117792424.3,0,0,0,1452773233,157056565.7,78528282.87,39264141.43,0,0,0,942339394.4,1256452526,78528282.87,628226262.9,3847885860,157056565.7,39264141.43,0,0,0,0,0,863811111.5,0,392641414.3,78528282.87,471169697.2,0,314113131.5,157056565.7,746018687.2,0,0,117792424.3,39264141.43,3258923739,0,431905555.8,117792424.3,117792424.3,117792424.3,0,0,942339394.4,4.41525E+11,0,0,0,0,0,0,0,0,0,0,0,0,706754545.8,0,6910488892,0,0,0,0,0,0,0,0,0,0,0,0,0,510433838.6,0,0,706754545.8,45271555072,0,0,Control,Stool,10,4NP,4
M4NP D4 Stool,0,0,0,0,0,281621161.2,0,0,46936860.2,0,1.41092E+11,6758907869,1267295225,6383412988,92418677738,2628464171,0,1783600688,7322150192,985674064.2,0,0,1173421505,1689726967,0,7416023912,0,0,0,0,3.82207E+11,0,17413575135,0,187747440.8,1126484645,187747440.8,93873720.4,0,140810580.6,0,2252969290,0,0,140810580.6,140810580.6,46936860.2,187747440.8,140810580.6,0,8871066578,5022244042,281621161.2,0,30790580293,0,1267295225,2487653591,10936288427,1314232086,2769274752,704052903,0,797926623.4,0,3097832773,2299906150,469368602,0,0,93873720.4,0,21544018833,27082568337,234684301,2816211612,46936860.2,3050895913,93873720.4,187747440.8,422431741.8,422431741.8,4036569977,0,5444675783,93873720.4,7556834493,422431741.8,8354761116,2534590451,4412064859,234684301,8636382277,0,1455042666,2018284989,844863483.6,16803395952,938737204,3144769634,3801885676,797926623.4,5256928343,93873720.4,0,2018284989,1408105806,0,422431741.8,0,0,0,0,0,0,0,0,0,0,17038080253,0,375494881.6,0,0,0,0,0,0,0,0,0,469368602,281621161.2,0,0,93873720.4,704052903,46936860.2,3895759397,9011877159,0,0,Control,Stool,4,4NP,4
M4NP D7 Stool,0,0,0,0,0,672269619.6,0,0,0,0,62296984751,7260511892,1434175189,3182076199,80896444227,1747901011,0,672269619.6,11742309356,3226894174,0,0,313725822.5,1703083036,0,9994408345,0,0,0,0,2.22252E+11,0,10487406066,0,44817974.64,537815695.7,0,0,0,0,0,9142866827,0,313725822.5,0,44817974.64,0,134453923.9,44817974.64,0,8336143283,5019613160,627451645,0,18016825806,0,134453923.9,1971990884,4481797464,2061626833,11742309356,1299721265,179271898.6,179271898.6,134453923.9,3495802022,3719891895,492997721,358543797.1,0,0,0,24515432128,17523828085,44817974.64,358543797.1,5781518729,2240898732,179271898.6,44817974.64,672269619.6,313725822.5,0,0,10352952142,89635949.28,9142866827,89635949.28,3047622276,179271898.6,4392161515,0,806723543.5,0,537815695.7,941177467.5,268907847.8,6319334424,492997721,2240898732,358543797.1,1389357214,3495802022,0,0,537815695.7,2.3628E+11,0,268907847.8,0,0,0,0,0,0,0,0,0,0,11428583533,0,3316530123,0,0,0,0,0,0,0,0,0,0,0,0,0,313725822.5,627451645,0,1568629112,33389391107,0,0,Control,Stool,7,4NP,4
M4NP LSI-S,0,0,0,0,0,1086529.915,0,0,0,0,271632.4786,0,4346119.658,4617752.137,152929085.5,0,0,0,0,0,0,0,0,0,0,0,0,0,0,2444692.308,3349500094,0,485135606.8,0,0,0,0,4346119.658,0,0,0,0,0,0,0,0,0,0,0,0,271632.4786,0,0,0,1629794.872,0,0,0,0,0,0,0,0,0,0,3259589.744,0,0,0,0,0,0,0,0,0,0,35040589.74,0,0,0,0,0,0,0,0,0,0,0,0,0,0,0,0,0,0,0,0,271632.4786,0,0,0,0,0,0,0,1086529.915,1200615556,0,0,0,0,0,0,0,0,0,0,0,0,0,0,26619982.91,0,0,0,0,0,814897.4359,0,0,0,0,0,0,0,0,0,0,0,22545495.73,0,0,Control,Lower SI Mucosa,10,4NP,4
M4P CC,0,0,0,0,0,514358181.8,0,0,0,0,39424041818,4659480000,30256363.64,1270767273,25929703636,968203636.4,0,211794545.5,10650240000,332820000,0,0,0,90769090.91,0,1633843636,0,0,0,0,82236796364,0,9742549091,0,181538181.8,544614545.5,0,0,0,60512727.27,0,968203636.4,0,0,0,0,0,90769090.91,90769090.91,0,14099465455,635383636.4,302563636.4,0,15612283636,0,121025454.5,907690909.1,2662560000,2723072727,9379472727,0,272307272.7,60512727.27,60512727.27,1149741818,9742549091,1664100000,0,0,0,0,11225110909,15582027273,363076363.6,1270767273,8411269091,1512818182,30256363.64,272307272.7,453845454.5,0,90769090.91,0,4266147273,0,5809221818,30256363.64,3661020000,0,3116405455,90769090.91,181538181.8,90769090.91,726152727.3,211794545.5,0,2148201818,121025454.5,605127272.7,0,1240510909,3509738182,0,0,30256363.64,2.74062E+11,0,121025454.5,0,0,0,0,0,0,0,0,0,0,7291783636,0,998460000,0,0,0,0,0,0,0,0,0,423589090.9,30256363.64,0,0,0,0,121025454.5,514358181.8,2359996364,0,0,Control,Cecum Contents,10,4P,4
M4P D10 Stool,0,0,0,0,0,237363799.2,0,0,0,0,39491402088,3738479837,29670474.9,1424182795,28780360650,1483523745,0,89011424.69,7031902551,296704749,0,0,0,0,0,207693324.3,0,0,0,0,87646582845,0,18603387760,0,0,445057123.5,0,0,0,0,0,563739023,0,0,0,0,0,0,0,0,1335171370,29670474.9,0,0,474727598.3,0,0,0,0,296704749,237363799.2,0,0,0,0,1602205644,148352374.5,148352374.5,0,0,0,0,267034274.1,1127478046,0,1364841845,7922016797,89011424.69,0,0,0,0,0,0,296704749,0,741761872.4,89011424.69,593409497.9,0,356045698.8,118681899.6,59340949.79,267034274.1,0,415386648.6,0,3619797937,445057123.5,0,0,89011424.69,148352374.5,0,118681899.6,178022849.4,3.59903E+11,0,29670474.9,0,0,0,0,0,0,0,0,0,0,652750447.7,0,801102822.2,0,0,0,0,0,0,0,0,0,29670474.9,0,0,0,59340949.79,0,0,534068548.1,3916502686,0,0,Control,Stool,10,4P,4
M4P D4 Stool,0,0,0,0,0,733644212.3,0,0,0,0,66259656230,6023605112,2625674023,6602797911,62630048022,1892029811,0,2857351143,13051144409,2046481224,0,0,0,386128532.8,0,3397931089,0,0,0,0,1.4391E+11,0,25716160285,0,115838559.8,965321332,0,38612853.28,0,0,0,1235611305,0,0,0,0,0,231677119.7,154451413.1,0,4865219513,1583126985,3243479676,0,31044734038,0,347515679.5,2471222610,6486959351,4903832367,8765117695,1969255517,0,386128532.8,0,5174122340,11274953158,849482772.2,0,0,1081159892,0,23167711969,23746904768,463354239.4,3204866822,22549906316,2664286876,0,463354239.4,463354239.4,347515679.5,77225706.56,0,3706833915,115838559.8,7297829270,77225706.56,7606732096,772257065.6,1892029811,115838559.8,579192799.2,308902826.2,1196998452,386128532.8,0,5869153699,463354239.4,695031359.1,1003934185,1660352691,4054349594,77225706.56,0,501967092.7,1.74993E+11,0,115838559.8,0,0,0,0,0,0,0,0,0,0,14981787073,0,1892029811,0,0,0,0,0,0,0,0,0,0,0,0,0,0,270289973,0,1853416957,17993589629,0,0,Control,Stool,4,4P,4
M4P D7 Stool,0,0,0,0,0,454954965,0,0,0,0,47144708252,3867117203,398085594.4,2132601399,32671453427,511824335.7,0,653997762.2,11459178182,1023648671,0,0,0,56869370.63,0,597128391.6,0,0,0,0,35259009790,0,10577702937,0,0,341216223.8,0,0,0,199042797.2,0,5089808671,0,0,0,0,0,0,0,0,653997762.2,0,312781538.5,0,3355292867,0,0,113738741.3,341216223.8,170608111.9,853040559.4,85304055.94,0,0,0,1592342378,1108952727,85304055.94,0,0,0,0,2758164476,3980855944,0,824605874.1,6284065455,312781538.5,0,0,170608111.9,0,0,0,227477482.5,0,1507038322,56869370.63,995213986,0,454954965,0,113738741.3,284346853.1,56869370.63,199042797.2,0,3810247832,710867132.9,28434685.31,113738741.3,170608111.9,170608111.9,56869370.63,28434685.31,625563076.9,3.53102E+11,0,85304055.94,0,0,0,0,0,0,0,0,0,0,1052083357,0,2416948252,0,0,0,0,0,0,0,0,0,653997762.2,0,0,0,199042797.2,85304055.94,56869370.63,1307995524,10463964196,0,0,Control,Stool,7,4P,4
M4P LI-S,0,0,0,0,0,5602854.478,0,0,0,0,878247439.5,117659944,1400713.62,32216413.25,920268848.1,22411417.91,0,4202140.859,252128451.5,9804995.337,0,0,0,1400713.62,0,1668249921,0,0,0,0,3336499842,0,319362705.3,0,5602854.478,26613558.77,0,0,0,5602854.478,0,152677784.5,0,0,1400713.62,1400713.62,0,2801427.239,1400713.62,0,1211617281,33617126.87,39219981.35,0,1368497206,0,8404281.718,72837108.22,144273502.8,288547005.6,532271175.5,1400713.62,21010704.29,15407849.82,0,39219981.35,505657616.7,81241389.94,0,0,0,0,1084152342,1001510238,9804995.337,47624263.07,327766987,162482779.9,5602854.478,5602854.478,14007136.2,14007136.2,23812131.53,0,350178404.9,0,505657616.7,0,334770555.1,0,460834780.9,1400713.62,0,8404281.718,67234253.74,1400713.62,2801427.239,65833540.12,0,16808563.44,0,128865653,252128451.5,0,0,4202140.859,9575278304,0,5602854.478,0,0,0,0,0,0,0,0,0,0,438423362.9,0,71436394.6,0,0,0,0,0,0,0,0,0,40620694.97,0,0,0,0,0,0,19609990.67,135869221.1,0,0,Control,Colon Mucosa,10,4P,4
M4P LSI-C,0,0,0,0,0,25332703.46,0,0,0,0,0,0,0,84442344.85,1359521752,0,0,0,0,0,0,0,0,0,0,0,0,0,0,0,42221172427,0,3892792098,0,0,0,0,0,0,0,0,0,0,0,0,0,0,0,0,0,25332703.46,0,0,0,0,0,0,0,0,0,0,0,0,0,0,33776937.94,0,0,0,0,0,0,0,0,0,0,2305276014,0,0,0,0,0,0,0,0,0,0,0,0,0,0,0,0,0,0,0,0,0,0,0,0,0,0,0,0,8444234.485,1.14597E+11,0,0,0,0,0,0,0,0,0,0,0,0,0,0,84442344.85,0,0,0,0,0,0,0,0,0,0,0,0,0,0,0,0,0,25332703.46,0,0,Control,Lower SI Contents,10,4P,4
M4P LSI-S,0,0,0,0,0,1748166.203,0,0,0,0,1748166.203,0,0,3496332.407,366240819.6,2622249.305,0,0,0,0,0,0,0,0,0,0,0,0,0,4370415.508,5830134288,0,275336177,0,0,0,0,32341074.76,0,0,0,0,0,0,0,0,0,0,0,0,3496332.407,0,0,0,0,0,0,0,0,0,0,0,0,0,0,4370415.508,0,0,0,0,0,0,0,0,0,0,122371634.2,0,0,0,0,0,0,0,0,0,0,0,0,0,0,0,0,0,0,0,0,2622249.305,0,0,0,0,0,0,0,0,10298447103,0,0,0,0,0,0,0,0,0,0,0,0,0,0,76919312.94,0,0,0,0,0,0,0,0,0,0,0,0,0,0,0,0,0,18355745.13,0,0,Control,Lower SI Mucosa,10,4P,4
M4P LSI-S noC,0,0,0,0,0,183567.1795,0,0,0,0,764863.2479,0,0,535404.2735,12803810.77,76486.32479,0,0,30594.52991,0,0,30594.52991,0,0,0,0,183567.1795,0,0,764863.2479,148046930.3,0,6455445.812,61189.05983,0,0,0,10677490.94,0,0,0,0,0,0,0,0,0,0,0,0,550701.5385,0,91783.58974,0,229458.9744,0,0,122378.1197,0,45891.79487,871944.1026,0,0,0,0,45891.79487,0,0,0,0,0,0,520107.0085,1086105.812,15297.26496,30594.52991,1361456.581,0,0,0,0,0,0,0,30594.52991,0,0,0,0,0,290648.0342,0,0,0,0,0,0,0,0,0,0,122378.1197,168269.9145,0,0,137675.3846,101956270.9,0,0,0,0,0,61189.05983,0,0,0,15297.26496,0,15297.26496,137675.3846,0,1101403.077,0,107080.8547,30594.52991,107080.8547,0,122378.1197,0,30594.52991,0,0,0,0,0,0,0,0,0,7862794.188,244756.2393,168269.9145,Control,Lower SI Mucosa noC,10,4P,4
M4P SC,0,0,0,0,0,64523622.48,0,0,0,0,4893041371,333372049.5,0,225832678.7,7861128005,182816930.4,0,32261811.24,430157483.2,32261811.24,0,0,0,0,0,0,0,0,0,0,61738352773,0,5688832715,0,10753937.08,53769685.4,0,0,0,0,0,10753937.08,0,0,0,0,0,0,0,0,96785433.72,0,0,0,96785433.72,0,0,0,0,32261811.24,0,0,0,0,0,118293307.9,43015748.32,0,0,0,0,0,0,0,0,64523622.48,1957216548,0,0,0,0,0,0,0,21507874.16,0,43015748.32,0,10753937.08,0,0,10753937.08,10753937.08,43015748.32,0,10753937.08,0,397895671.9,32261811.24,0,0,0,0,0,0,21507874.16,1.23208E+11,0,0,0,0,0,0,0,0,0,0,0,0,96785433.72,0,526942916.9,0,0,0,0,0,0,0,0,0,10753937.08,0,0,0,43015748.32,0,0,32261811.24,1215194890,0,0,Control,Stomach Contents,10,4P,4
M4P USI-C,0,0,0,0,0,18229829.28,0,0,0,0,0,0,0,60766097.6,3421131295,66842707.36,0,0,0,0,0,0,0,0,0,0,0,0,0,0,35894533855,0,467898951.6,12153219.52,0,0,0,0,0,0,0,0,0,0,0,0,0,0,0,0,18229829.28,0,0,0,0,0,0,0,0,0,0,0,0,0,0,48612878.08,0,0,0,0,0,0,0,0,0,0,164068463.5,0,0,0,0,0,0,0,0,0,0,0,0,0,0,0,0,0,0,0,0,0,0,0,0,0,0,0,0,0,77847447641,0,0,0,0,0,0,0,0,0,0,0,0,6076609.76,0,285600658.7,0,0,0,0,0,0,0,0,0,0,0,0,0,0,0,0,0,182298292.8,0,0,Control,Upper SI Contents,10,4P,4
M4P USI-S,0,0,0,0,0,222412.7389,0,0,0,0,1112063.694,0,0,8896509.554,147237233.1,1556889.172,0,0,0,0,0,0,0,0,0,0,0,0,0,667238.2166,2221680848,0,87408206.37,1112063.694,0,0,0,889650.9554,0,0,0,0,0,0,0,0,0,0,0,0,1779301.911,0,0,0,222412.7389,0,0,0,667238.2166,222412.7389,667238.2166,0,0,0,0,3781016.561,0,0,0,0,0,0,667238.2166,889650.9554,0,0,11565462.42,0,0,0,0,0,0,0,0,0,222412.7389,0,0,0,222412.7389,0,0,0,0,0,0,1334476.433,0,0,0,222412.7389,222412.7389,0,0,0,1812886234,0,0,0,0,0,0,0,0,0,0,0,0,444825.4777,0,14012002.55,0,0,0,0,0,0,222412.7389,0,0,0,0,0,0,222412.7389,0,0,0,15346478.98,0,444825.4777,Control,Upper SI Mucosa,10,4P,4
M4P USI-S noC,0,0,0,0,0,500363.014,0,0,0,0,272925.2803,0,90975.09345,1683039.229,34843460.79,545850.5607,0,0,0,0,0,0,0,0,0,0,0,0,0,409387.9205,498452537,0,15920641.35,90975.09345,0,0,0,21288171.87,0,0,0,0,0,0,0,0,0,0,0,0,773288.2943,0,0,0,90975.09345,0,0,0,136462.6402,0,591338.1074,0,0,0,0,682313.2009,0,0,0,0,0,0,409387.9205,545850.5607,0,0,2592790.163,0,0,0,0,0,0,0,90975.09345,0,0,0,0,0,90975.09345,0,0,0,0,0,0,45487.54672,0,0,0,272925.2803,0,0,0,0,296032954.1,0,0,0,0,0,45487.54672,0,0,0,0,0,0,363900.3738,0,1864989.416,0,0,0,90975.09345,0,90975.09345,0,0,0,0,0,0,0,0,0,0,0,7869345.583,227437.7336,0,Control,Upper SI Mucosa noC,10,4P,4
M5NP CC,0,0,0,0,0,752204928.4,0,0,0,0,47073469715,5896316052,121323375.6,2111026735,32781576075,436764152,0,291176101.3,12617631058,5629404626,0,0,0,24264675.11,0,1892644659,0,0,0,0,55202135877,0,5289699174,0,218382076,946322329.3,0,48529350.22,0,0,0,1358821806,0,0,0,121323375.6,0,485293502.2,48529350.22,0,10797780424,266911426.2,2887496338,48529350.22,19460269439,0,0,2523526212,5022787748,3566907241,6575726955,121323375.6,194117400.9,363970126.7,72794025.33,1674262583,6454403579,1261763106,218382076,0,703675578.2,0,15602186096,14267628965,242646751.1,2838966988,9487487968,2402202836,48529350.22,121323375.6,194117400.9,169852725.8,0,0,5750728001,169852725.8,6066168778,0,8905135766,461028827.1,2280879460,97058700.44,436764152,291176101.3,946322329.3,461028827.1,48529350.22,3979406718,0,1358821806,0,1747056608,3712495292,0,0,291176101.3,1.32097E+11,1868379984,0,0,0,0,0,0,0,0,0,0,0,13903658838,0,0,0,0,0,0,0,0,0,0,0,0,0,0,0,315440776.4,194117400.9,0,1213233756,5629404626,0,0,Control,Cecum Contents,10,5NP,5
M5NP D0 Stool,0,0,0,0,0,1359287150,61785779.55,0,0,0,17238232493,4448576127,185357338.6,18659305423,1.4532E+11,4633933466,0,23293238889,16682160477,1359287150,0,0,432500456.8,5190005482,0,9267866932,0,0,0,0,1.69973E+11,0,0,0,123571559.1,247143118.2,61785779.55,19091805880,0,0,0,5931434836,0,556072015.9,0,0,123571559.1,988572472.7,370714677.3,247143118.2,37133253507,44362189714,3027503198,1050358252,25085026496,0,247143118.2,865000913.6,64133639169,9144295373,1.60519E+11,11368583436,0,3212860536,185357338.6,6302149514,48563622723,0,3645360993,432500456.8,18844662762,0,70559360242,1.03862E+11,308928897.7,5066433923,0,3460003655,3707146773,308928897.7,865000913.6,0,0,0,25332169614,0,13036799484,0,7167150427,7537865105,7599650884,370714677.3,0,741429354.6,2286073843,0,247143118.2,7537865105,3027503198,0,8402866018,6734649971,9144295373,61785779.55,0,61785779.55,1297501370,0,432500456.8,247143118.2,0,0,0,0,0,0,0,0,0,1235715591,0,0,0,0,0,21068950825,0,0,0,0,0,2409645402,0,0,0,865000913.6,1853573386,617857795.5,3212860536,185357338.6,0,0,Control,Stool,0,5NP,5
M5NP D10 Stool,0,0,0,0,0,259374098.2,0,0,0,0,25656421210,3371863276,21614508.18,648435245.4,15627289414,172916065.4,0,216145081.8,8516116223,1599473605,0,0,0,21614508.18,0,86458032.72,0,0,0,21614508.18,1.30508E+11,0,11001784664,0,0,172916065.4,0,108072540.9,0,0,0,951038359.9,0,0,0,0,0,0,0,0,1102339917,0,64843524.54,0,1513015573,0,0,64843524.54,216145081.8,0,432290163.6,0,0,0,0,497133688.1,972652868.1,237759590,64843524.54,0,21614508.18,0,432290163.6,951038359.9,21614508.18,951038359.9,9856215730,129687049.1,0,0,21614508.18,0,0,0,432290163.6,0,540362704.5,0,518748196.3,0,129687049.1,0,259374098.2,194530573.6,21614508.18,108072540.9,43229016.36,1772389671,0,64843524.54,0,108072540.9,151301557.3,0,0,64843524.54,1.89862E+11,4711962783,0,0,0,0,0,0,0,0,0,0,0,561977212.7,0,0,0,0,0,0,0,0,0,0,0,0,0,0,0,151301557.3,21614508.18,0,302603114.5,4949722373,0,0,Control,Stool,10,5NP,5
M5NP D4 Stool,0,0,0,0,0,194175201.3,0,0,0,0,50563222429,5786421000,1553401611,3728163866,37242803617,368932882.5,0,252427761.7,8427203738,504855523.5,0,0,4815544993,1262138809,0,174757681.2,0,0,0,0,72038999697,0,11902939842,0,38835040.27,446602963.1,0,0,0,0,0,3883504027,0,19417520.13,0,0,0,0,0,77670080.54,310680322.1,135922640.9,116505120.8,0,2116509695,0,0,97087600.67,291262802,213592721.5,2135927215,135922640.9,0,0,0,640778164.4,621360644.3,97087600.67,0,0,0,0,2330102416,4174766829,58252560.4,3553406185,0,310680322.1,0,19417520.13,0,0,97087600.67,0,932040966.4,0,1495149050,0,718448245,97087600.67,524273043.6,0,2058257134,504855523.5,77670080.54,174757681.2,194175201.3,8873806701,97087600.67,233010241.6,135922640.9,194175201.3,504855523.5,0,0,2038839614,61941889227,0,194175201.3,0,0,0,0,0,0,0,0,0,0,1572819131,0,0,0,0,0,19417520.13,0,0,0,0,0,38835040.27,174757681.2,0,0,1475731530,38835040.27,0,2757287859,70835113449,0,0,Control,Stool,4,5NP,5
M5NP D7 Stool,0,0,0,0,0,174654579.3,0,0,0,0,65479589559,8288153674,1556013525,3572480032,31977665706,682740628.3,0,460452981.9,15750667518,2238754153,0,0,2683329446,1825934238,0,254043024.5,0,0,0,0,7208470820,0,15067926889,0,158776890.3,523963738,0,95266134.18,0,0,0,14845639243,0,333431469.6,0,0,0,0,0,0,1571891214,95266134.18,190532268.4,0,4541019063,0,0,269920713.5,650985250.2,508086049,3318437007,317553780.6,0,0,0,238165335.4,2492797178,190532268.4,31755378.06,47633067.09,508086049,0,2873861714,5636579606,127021512.2,3350192385,47633067.09,889150585.7,0,63510756.12,158776890.3,0,1111438232,0,1825934238,0,2318142598,79388445.15,2969127849,238165335.4,381064536.7,47633067.09,79388445.15,1127315921,95266134.18,301676091.6,0,11066749254,0,666862939.3,174654579.3,95266134.18,682740628.3,508086049,0,301676091.6,60541628271,825639829.6,142899201.3,0,0,0,0,0,0,0,0,0,0,1286092811,0,0,0,0,0,0,0,0,0,0,0,238165335.4,47633067.09,0,0,2619818690,571596805.1,79388445.15,2588063312,15306092225,0,0,Control,Stool,7,5NP,5
M5NP LI-S,0,0,0,0,0,22962913.73,0,0,0,0,938609098.8,150215727.3,3827152.289,37314734.82,674535590.9,5740728.433,0,2870364.217,314783275.8,59320860.48,0,0,0,16265397.23,0,113857780.6,0,0,0,0,2502957597,0,174135429.1,0,7654304.578,32530794.45,0,956788.0722,0,8611092.65,0,761603305.5,0,2870364.217,0,956788.0722,0,956788.0722,3827152.289,0,288949997.8,25833277.95,173178641.1,0,1141448170,0,0,73672681.56,95678807.22,96635595.29,288949997.8,4783940.361,5740728.433,956788.0722,0,46882615.54,776911914.6,59320860.48,11481456.87,0,19135761.44,0,523363075.5,596078969,5740728.433,33487582.53,464999003.1,135863906.3,2870364.217,6697516.505,38271522.89,9567880.722,3827152.289,0,187530462.2,0,321480792.3,956788.0722,284166057.4,14351821.08,62191224.69,4783940.361,12438244.94,0,19135761.44,4783940.361,956788.0722,68888741.2,0,47839403.61,0,64104800.84,186573674.1,0,0,3827152.289,6166499125,99505959.51,956788.0722,0,0,0,0,0,0,0,0,0,0,176049005.3,0,0,0,0,0,0,0,0,0,0,0,956788.0722,0,0,0,6697516.505,5740728.433,0,32530794.45,116728144.8,0,0,Control,Colon Mucosa,10,5NP,5
M5NP LSI-C,0,0,0,0,0,28676029.78,0,0,0,0,0,0,0,10753511.17,448062965.3,0,0,0,0,0,0,0,0,0,0,0,0,0,0,0,23965991886,0,2810250918,0,0,0,0,10753511.17,0,0,0,0,0,0,0,0,0,0,0,0,39429540.94,0,0,0,0,0,0,0,0,0,0,0,0,0,0,0,25091526.05,0,0,0,0,0,3584503.722,0,0,0,842358374.7,0,0,0,0,0,0,0,0,0,0,0,0,0,0,0,0,0,0,0,0,0,0,0,0,0,0,0,0,0,40888433958,720485248.1,0,0,0,0,0,0,0,0,0,0,0,7169007.444,0,0,0,0,0,0,0,0,0,0,0,0,0,0,0,0,0,0,0,96781600.5,0,0,Control,Lower SI Contents,10,5NP,5
M5NP LSI-S,0,0,0,0,0,1688884.615,0,0,0,0,2026661.538,0,0,1013330.769,168550684.6,2026661.538,0,0,337776.9231,0,0,0,0,0,0,0,0,0,0,2026661.538,2921770385,0,286097053.8,675553.8462,0,0,0,0,0,0,0,0,0,0,0,0,0,0,0,0,5742207.692,0,675553.8462,0,1351107.692,0,0,0,1013330.769,337776.9231,1688884.615,0,0,0,0,2364438.462,1351107.692,0,0,0,0,0,2364438.462,2026661.538,0,0,42897669.23,0,0,0,0,0,0,0,0,0,0,0,1013330.769,0,1013330.769,0,0,0,0,0,0,2026661.538,0,0,0,0,337776.9231,0,0,1013330.769,3058907815,42559892.31,0,0,0,0,0,0,0,0,0,0,0,1351107.692,0,337776.9231,0,0,0,0,0,675553.8462,0,0,0,0,0,0,0,0,675553.8462,0,0,28711038.46,0,0,Control,Lower SI Mucosa,10,5NP,5
M5NP SC,0,0,0,0,0,14851261.94,0,0,0,0,173759764.7,17821514.33,0,16336388.13,441082479.6,4455378.582,0,1485126.194,8910757.164,10395883.36,0,0,0,0,0,22276892.91,0,0,0,0,13923058069,0,3616282283,5940504.776,0,5940504.776,0,0,0,0,0,0,0,0,0,0,0,0,0,0,19306640.52,0,7425630.97,0,26732271.49,0,0,1485126.194,7425630.97,10395883.36,4455378.582,0,0,0,0,20791766.72,7425630.97,0,0,0,0,0,11881009.55,17821514.33,0,5940504.776,589595099,0,0,0,0,0,1485126.194,0,10395883.36,0,10395883.36,0,43068659.63,0,1485126.194,0,22276892.91,0,0,1485126.194,0,54949669.18,0,7425630.97,0,0,13366135.75,0,0,4455378.582,9227089044,292569860.2,2970252.388,0,0,0,0,0,0,0,0,0,0,47524038.21,0,0,0,0,0,0,0,0,0,0,0,0,0,0,0,2970252.388,0,0,2970252.388,219798676.7,0,0,Control,Stomach Contents,10,5NP,5
M5NP USI-C,0,0,0,0,0,5674078.144,0,0,0,0,0,0,0,2837039.072,162846042.7,6241485.958,0,0,0,0,0,0,0,0,0,0,0,0,0,0,2967542869,0,2302540911,6808893.773,0,0,0,0,0,0,0,0,0,0,0,0,0,0,0,0,0,0,0,0,5106670.33,0,0,0,3971854.701,0,0,0,0,0,0,6808893.773,0,0,0,567407.8144,0,0,0,0,0,0,133340836.4,0,0,0,0,0,1134815.629,0,0,0,0,0,0,0,0,0,0,0,0,0,0,6241485.958,0,0,0,0,0,0,0,0,5179865938,203131997.6,0,0,0,0,0,0,0,0,0,0,0,2269631.258,0,0,0,0,0,0,0,0,0,0,0,0,0,0,0,2269631.258,0,0,0,65251898.66,0,0,Control,Upper SI Contents,10,5NP,5
M5NP USI-S,0,0,0,0,93997.24138,0,0,0,46998.62069,0,140995.8621,0,0,1644951.724,24204289.66,0,0,0,0,0,0,0,0,0,0,0,0,0,0,0,268879109,0,129387202.8,140995.8621,0,0,0,469986.2069,0,0,0,0,0,0,0,0,0,0,0,0,375988.9655,0,0,0,0,0,0,0,0,0,0,0,0,0,0,469986.2069,0,0,0,0,0,0,0,751977.931,0,0,8506750.345,0,0,0,0,0,0,0,0,0,0,0,0,0,0,0,0,0,0,0,0,563983.4483,0,0,0,0,0,0,0,187994.4828,461620452.4,14005588.97,0,0,0,140995.8621,234993.1034,0,0,0,0,0,0,281991.7241,187994.4828,0,0,0,0,0,0,610982.069,516984.8276,0,0,0,0,0,0,0,0,0,93997.24138,2913914.483,0,0,Control,Upper SI Mucosa,10,5NP,5
M5NP USI-S noC,0,0,0,0,0,147655.5599,0,0,0,0,984370.3992,0,196874.0798,836714.8393,14913211.55,0,0,0,0,0,49218.51996,0,0,0,0,0,0,0,0,0,288814275.1,0,62310646.27,0,0,0,0,0,0,0,0,0,0,0,0,0,0,0,0,0,639840.7595,0,0,0,246092.5998,0,0,0,344529.6397,393748.1597,0,0,0,0,0,1427337.079,98437.03992,0,0,0,0,0,49218.51996,0,0,0,8859333.593,0,0,0,0,0,0,0,0,0,0,0,393748.1597,0,0,0,0,0,0,0,0,1919522.278,0,0,0,0,0,0,0,0,563355179.5,6496844.635,0,0,147655.5599,0,0,0,0,0,0,0,0,492185.1996,0,0,0,0,0,0,0,442966.6796,541403.7196,0,0,0,0,0,0,0,0,0,0,5660129.796,0,0,Control,Upper SI Mucosa noC,10,5NP,5
M5P D0 Stool,0,0,0,0,0,1470955388,0,0,86526787.55,0,32836915877,4758973316,7268250155,27731835411,1.01582E+11,8003727849,0,43047076809,17911045024,1081584844,0,0,2898647383,7571093911,0,8739205543,0,0,43263393.78,0,1.22782E+11,43263393.78,0,0,389370544,735477694.2,0,13801022615,432633937.8,562424119.1,0,5148343860,0,0,605687512.9,0,86526787.55,346107150.2,259580362.7,0,1860325932,3893705440,1514218782,1773799145,38590947249,0,0,3288017927,8090254636,519160725.3,1.19147E+11,15142187822,0,1124848238,0,4845500103,30327639038,216316968.9,9691000206,0,2985174171,0,20679902226,68399425562,0,735477694.2,0,1817062539,3634125077,216316968.9,346107150.2,129790181.3,2812120596,302843756.4,13108808315,0,9171839481,0,3547598290,3850442046,6229928704,173053575.1,0,692214300.4,2725593808,86526787.55,173053575.1,23405496034,1990116114,0,0,3417808108,3114964352,0,0,1470955388,822004481.8,0,1514218782,0,0,0,0,0,0,0,0,0,0,1557482176,0,346107150.2,0,0,0,129790181.3,0,0,0,0,0,0,0,0,0,1773799145,1297901813,43263393.78,5148343860,5537714404,0,0,Control,Stool,0,5P,5
M5P D10 Stool,0,0,0,0,0,370871511.9,0,0,30905959.33,0,20490651034,2997878055,0,679931105.2,50222183908,339965552.6,0,30905959.33,9611753351,6953840849,0,0,0,0,0,92717877.98,0,0,0,154529796.6,89534564173,0,14124023413,0,0,247247674.6,0,0,0,0,0,123623837.3,0,0,30905959.33,0,0,0,0,0,896272820.5,0,123623837.3,0,649025145.9,0,0,61811918.66,30905959.33,0,772648983.2,0,0,0,0,1390768170,0,30905959.33,0,0,92717877.98,0,185435756,432683430.6,0,556307267.9,92717877.98,0,0,0,0,0,0,0,30905959.33,0,278153634,0,247247674.6,0,123623837.3,30905959.33,216341715.3,0,0,278153634,0,1081708576,0,0,0,61811918.66,61811918.66,0,0,278153634,3.4661E+11,0,0,0,0,0,0,0,0,0,0,0,0,463589389.9,0,1514392007,0,0,0,0,0,0,0,0,0,0,0,0,0,30905959.33,0,0,309059593.3,49696782599,0,0,Control,Stool,10,5P,5
M5P D4 Stool,0,0,0,0,0,349927790.9,0,0,222681321.5,0,35915315996,7602976548,3181161736,2703987475,79497231775,413551025.6,0,381739408.3,13710807081,2640364241,0,0,0,381739408.3,0,127246469.4,0,0,0,95434852.07,1.41434E+11,0,24113205957,0,31811617.36,349927790.9,0,0,0,0,0,827102051.3,0,0,63623234.71,31811617.36,0,0,0,0,159058086.8,95434852.07,0,0,5121670394,0,0,349927790.9,922536903.4,381739408.3,286304556.2,0,0,63623234.71,0,1017971755,827102051.3,31811617.36,0,0,286304556.2,0,1781450572,3531089527,31811617.36,2831233945,0,381739408.3,0,63623234.71,31811617.36,0,0,0,763478816.6,0,2067755128,0,1590580868,0,286304556.2,95434852.07,2195001598,890725286,95434852.07,254492938.9,95434852.07,6489569941,0,508985877.7,1431522781,413551025.6,1081594990,0,0,1495146016,1.7595E+11,0,0,0,0,0,0,0,0,0,0,0,0,2926668797,0,2481306154,0,0,0,63623234.71,0,0,0,0,0,0,127246469.4,0,0,190869704.1,222681321.5,0,827102051.3,85509627456,0,0,Control,Stool,4,5P,5
M5P D7 Stool,0,0,0,0,0,326885717.1,0,0,0,0,66466762481,12966466779,1016977787,2469803196,93344032556,1198580963,0,290565081.9,26005574829,9552327067,0,0,0,653771434.2,0,1198580963,0,0,0,0,47325787712,0,23354168457,0,72641270.47,944336516.1,0,0,0,254244446.7,0,5702339732,0,0,0,0,0,36320635.24,0,0,3014612725,0,472168258.1,0,3886307970,0,0,145282540.9,108961905.7,653771434.2,944336516.1,0,0,0,0,4394796864,326885717.1,254244446.7,0,0,326885717.1,0,5411774650,4975927027,0,3704704794,0,544809528.5,0,217923811.4,181603176.2,181603176.2,0,0,1670749221,0,3958949241,36320635.24,3486780983,0,1089619057,108961905.7,1343863504,1271222233,326885717.1,363206352.4,0,10859869935,0,108961905.7,3668384159,435847622.8,980657151.4,145282540.9,0,1016977787,2.7393E+11,0,0,0,0,0,0,0,0,0,0,0,0,2288200020,0,3377819077,0,0,0,0,0,0,0,0,0,0,36320635.24,326885717.1,0,944336516.1,0,0,1271222233,72278064119,0,0,Control,Stool,7,5P,5
M5P LSI-S,0,0,0,0,0,2743884.024,0,0,1371942.012,0,0,0,457314.0039,5945082.051,529112302.6,0,0,0,0,0,0,0,0,0,0,0,0,0,0,0,2216600977,0,530941558.6,914628.0079,0,0,0,20121816.17,0,0,0,0,0,0,0,0,0,0,0,0,914628.0079,0,0,0,0,0,0,0,914628.0079,0,0,0,0,0,0,5030454.043,0,0,0,0,0,0,0,0,0,0,0,0,0,0,0,0,0,0,0,0,0,0,0,0,0,0,0,0,0,0,0,0,0,0,0,0,0,0,0,457314.0039,5481365651,0,0,0,0,0,0,0,0,0,0,0,0,0,0,27438840.24,0,0,0,0,0,0,0,0,0,0,0,0,0,0,0,0,0,93292056.8,0,0,Control,Lower SI Mucosa,10,5P,5
M6NP CC,0,2586067654,0,0,0,231588148.1,0,0,0,0,22695638519,4091390617,0,964950617.3,28446744198,694764444.4,0,0,9765300247,6870448395,0,0,0,0,0,1157940741,0,0,0,0,1.00278E+11,0,8800349630,0,38598024.69,733362469.1,0,0,0,0,0,308784197.5,0,0,0,0,0,0,0,0,16558552593,2701861728,77196049.38,0,10846044938,0,0,771960493.8,3551018272,2933449877,3473822222,0,501774321,154392098.8,0,1157940741,3126440000,694764444.4,0,0,0,0,8761751605,12235573827,38598024.69,1350930864,3666812346,1003548642,77196049.38,154392098.8,424578271.6,0,0,0,4901949136,0,9495114074,0,7295026667,0,3512420247,0,0,501774321,578970370.4,38598024.69,77196049.38,1196538765,0,192990123.5,308784197.5,1505322963,2701861728,0,0,38598024.69,4.39902E+11,270186172.8,0,0,0,0,0,0,0,0,0,0,0,12814544198,0,0,0,0,0,0,0,0,0,0,0,0,0,0,0,0,0,0,77196049.38,5326527407,0,0,Control,Cecum Contents,10,6NP,6
M6NP D0 Stool,0,0,0,0,0,1316436051,54851502.14,0,0,0,23092482401,1480990558,2961981116,24024957938,1.16175E+11,8337428325,0,53260808579,7734061802,1535842060,0,0,5156041201,8008319313,0,6362774248,0,0,0,0,1.32741E+11,0,0,0,1097030043,383960515,219406008.6,12341587982,0,0,54851502.14,4113862661,0,0,164554506.4,0,0,658218025.7,329109012.8,274257510.7,27974266092,26822384547,3016832618,493663519.3,29948920169,0,0,1864951073,62201603428,5046338197,82770916731,6307922746,0,3620199141,109703004.3,8337428325,28632484118,329109012.8,5375447210,0,3181387124,0,55509720167,1.2934E+11,164554506.4,2413466094,0,1755248069,6746734763,438812017.1,274257510.7,219406008.6,0,438812017.1,28632484118,0,8776240343,54851502.14,4113862661,0,7240398283,329109012.8,274257510.7,1426139056,2907129613,0,493663519.3,46733479824,4004159656,658218025.7,3236238626,4278417167,5046338197,0,0,4662377682,767921030,0,3839605150,0,0,0,0,0,0,0,0,0,0,1590693562,0,109703004.3,0,0,0,20020798282,0,0,0,0,0,54851502.14,0,0,274257510.7,2413466094,6088516738,822772532.1,4388120171,1151881545,0,0,Control,Stool,0,6NP,6
M6NP D10 Stool,0,8536337918,0,0,0,802561684.6,0,0,0,0,46475617553,7077134855,0,1386242910,71719830542,437760918.9,0,0,18677799205,7441935621,0,0,0,0,0,291840612.6,0,0,0,510721072,3.12488E+11,0,34656072744,0,0,802561684.6,0,0,0,0,0,291840612.6,0,0,72960153.15,0,0,0,0,0,5690891945,437760918.9,145920306.3,0,5836812252,0,0,145920306.3,2042884288,583681225.2,1896963982,0,0,0,0,1824003829,2042884288,364800765.7,0,0,0,0,3793927964,5326091180,0,1386242910,13862429098,364800765.7,0,0,0,0,0,0,1021442144,0,3866888117,0,4377609189,0,1824003829,72960153.15,0,510721072,72960153.15,72960153.15,0,2188804594,0,218880459.4,364800765.7,802561684.6,1167362450,0,0,72960153.15,8.21312E+11,1532163216,0,0,0,0,0,0,0,0,0,0,0,6274573170,0,437760918.9,0,0,0,0,0,0,0,0,0,0,0,0,0,291840612.6,0,0,72960153.15,18750759358,0,0,Control,Stool,10,6NP,6
M6NP D4 Stool,0,821380904.3,0,0,0,684484086.9,0,0,0,0,51473203335,4962509630,1437416583,1745434422,38502229888,1163622948,0,102672613,8521826882,3559317252,0,0,136896817.4,273793634.8,0,205345226.1,0,0,0,34224204.35,3.00933E+11,0,25497032237,0,34224204.35,581811473.9,0,0,0,0,0,581811473.9,0,0,0,0,0,0,0,0,1813882830,171121021.7,0,0,6263029395,0,0,376466247.8,308017839.1,650259882.6,992501926,68448408.69,0,34224204.35,0,2361470100,547587269.5,410690452.1,0,0,0,0,3182851004,4038456113,0,2601039530,10267261304,308017839.1,0,0,34224204.35,0,0,0,1197847152,0,1574313400,0,1574313400,0,376466247.8,102672613,1540089196,273793634.8,410690452.1,34224204.35,273793634.8,5818114739,102672613,239569430.4,6228805191,376466247.8,650259882.6,0,0,1300519765,1.42236E+11,34224204.35,68448408.69,0,0,0,0,0,0,0,0,0,0,1232071356,0,1848107035,0,0,0,0,0,0,0,0,0,0,0,0,0,342242043.5,444914656.5,0,513363065.2,22895992707,0,0,Control,Stool,4,6NP,6
M6NP D7 Stool,0,2100467326,0,0,0,735163564.2,0,0,0,0,82548365920,8506892671,945210296.8,2730607524,1.13215E+11,1155257029,0,315070098.9,18589135837,6196378612,0,0,0,0,0,12077687126,0,0,0,0,2.16873E+11,0,30666822963,0,210046732.6,2205490693,0,0,0,0,0,630140197.9,0,0,0,105023366.3,0,315070098.9,0,0,12287733858,1680373861,210046732.6,0,27411098607,0,0,1365303762,4936098217,4516004751,7771729107,0,525116831.5,315070098.9,0,1680373861,2520560791,2100467326,0,0,0,0,21109696628,14178154452,0,2520560791,4831074850,2625584158,0,315070098.9,525116831.5,0,0,0,6091355246,0,19849416233,0,14703271283,0,5356191682,420093465.2,525116831.5,1050233663,945210296.8,210046732.6,210046732.6,4831074850,0,840186930.5,4095911286,1155257029,5041121583,105023366.3,0,420093465.2,1.29095E+12,210046732.6,0,0,0,0,0,0,0,0,0,0,0,15543458214,0,1995443960,0,0,0,0,0,0,0,0,0,0,0,0,0,1680373861,210046732.6,0,420093465.2,57552804738,0,0,Control,Stool,7,6NP,6
M6NP LI-S,0,4903391.349,0,0,0,2451695.674,0,0,0,0,224738770.1,51485609.16,0,5720623.24,286848393.9,0,0,0,113595232.9,27785884.31,0,0,0,0,0,122584783.7,0,0,0,0,1439145361,0,111143537.2,0,5720623.24,20430797.29,0,0,0,0,0,175704856.7,0,0,0,2451695.674,0,1634463.783,0,0,406164250,65378551.31,12258478.37,0,895686153,0,0,52302841.05,151187899.9,143832812.9,281945002.5,0,6537855.131,4086159.457,1634463.783,21248029.18,306461959.3,58023464.29,0,0,0,0,471542801.4,753487803.9,2451695.674,19613565.39,90712739.95,42496058.35,0,6537855.131,15527405.94,7355087.023,0,0,232093857.2,0,512404395.9,0,370206046.8,0,154456827.5,1634463.783,0,1634463.783,32689275.66,0,817231.8914,25334188.63,0,8989550.806,817231.8914,57206232.4,145467276.7,0,0,2451695.674,7551222677,8989550.806,0,0,0,0,0,0,0,0,0,0,0,366937119.3,0,2451695.674,0,0,0,0,0,0,0,0,0,0,0,0,0,817231.8914,0,0,2451695.674,44130522.14,0,0,Control,Colon Mucosa,10,6NP,6
M6NP LSI-C,0,794102241.2,0,0,0,38424301.99,0,0,12808100.66,0,0,0,0,25616201.33,2356690522,0,0,0,0,0,0,0,0,0,0,0,0,0,0,12808100.66,28690145489,0,2164569012,0,0,0,0,0,0,0,0,0,0,0,0,0,0,0,0,0,12808100.66,0,0,0,0,0,0,0,0,0,0,0,0,0,0,76848603.99,0,0,0,0,0,0,0,0,0,0,102464805.3,0,0,0,0,0,0,0,0,0,0,0,0,0,0,0,0,0,0,0,0,0,0,0,0,0,0,0,0,0,2.15099E+11,192121510,0,0,0,0,0,0,0,0,0,0,0,25616201.33,0,0,0,0,0,0,0,0,0,0,0,0,0,0,0,0,0,0,0,153697208,0,0,Control,Lower SI Contents,10,6NP,6
M6NP LSI-S,0,40155668.02,0,0,0,6424906.883,0,0,0,0,0,0,1606226.721,4818680.162,525236137.7,0,0,0,0,0,0,0,0,0,0,0,0,0,0,0,4160127206,0,575029166,0,0,0,0,0,0,0,0,0,0,0,0,0,0,0,0,0,0,0,0,0,0,0,0,0,1606226.721,0,0,0,0,0,0,1606226.721,0,0,0,0,0,0,0,0,0,0,75492655.87,0,0,0,0,0,0,0,0,0,0,0,0,0,0,0,0,0,0,0,0,0,0,0,0,0,0,0,0,0,25871493789,19274720.65,0,0,0,0,0,0,0,0,0,0,0,1606226.721,0,11243587.04,0,0,0,0,0,0,0,0,0,0,0,0,0,0,0,0,0,25699627.53,0,0,Control,Lower SI Mucosa,10,6NP,6
M6NP SC,0,0,0,0,0,18408087.57,0,0,0,0,444095112.6,36816175.14,0,6903032.839,1051562002,0,0,0,50622240.82,11505054.73,0,0,0,0,0,2301010.946,0,0,0,2301010.946,13937223301,0,4302890469,0,0,0,0,0,0,0,0,0,0,0,0,0,0,0,0,0,29913142.3,0,0,0,0,0,0,11505054.73,0,0,0,0,0,0,0,43719207.98,27612131.35,0,0,0,0,0,9204043.785,0,0,2301010.946,6903032.839,0,0,0,0,0,0,0,0,0,4602021.892,0,13806065.68,0,0,0,0,0,0,0,0,27612131.35,0,0,0,0,0,0,0,9204043.785,24800295978,0,0,0,0,0,0,0,0,0,0,0,0,6903032.839,0,4602021.892,0,0,0,0,0,0,0,0,0,0,0,0,0,0,0,0,6903032.839,0,0,0,Control,Stomach Contents,10,6NP,6
M6NP USI-C,0,568320415,0,0,0,26744490.12,0,0,0,0,13372245.06,0,0,13372245.06,2005836759,0,0,0,0,0,0,0,0,0,0,0,0,0,0,0,21596175770,0,956115521.7,0,0,0,0,0,0,0,0,0,0,0,0,0,0,0,0,0,40116735.18,0,0,0,0,0,0,0,0,0,0,0,0,0,0,40116735.18,0,0,0,0,0,0,0,20058367.59,0,0,334306126.5,0,0,0,0,0,0,0,0,0,0,0,0,0,0,0,0,0,0,0,0,0,0,0,0,0,0,0,0,0,1.0433E+11,80233470.35,0,0,0,0,0,0,0,0,0,0,0,0,0,26744490.12,0,0,0,0,0,0,0,0,0,0,0,0,0,0,0,0,0,327620003.9,0,0,Control,Upper SI Contents,10,6NP,6
M6NP USI-S,0,12436897.44,0,0,0,956684.4181,0,0,0,0,0,0,0,478342.2091,143502662.7,0,0,0,0,0,0,0,0,0,0,0,0,0,0,1435026.627,2310392870,0,154982875.7,0,0,0,0,0,0,0,0,0,0,0,0,0,0,0,0,0,2870053.254,0,0,0,0,0,0,0,0,0,0,0,0,0,0,3348395.464,0,0,0,0,0,0,0,0,0,0,11480213.02,0,0,0,0,0,0,0,0,0,0,0,478342.2091,0,0,0,0,0,0,0,0,956684.4181,0,0,0,0,0,0,0,0,6659480235,9088501.972,0,0,0,0,0,0,0,0,0,0,0,0,0,956684.4181,0,0,0,0,0,0,0,0,0,0,0,0,0,0,0,0,0,14828608.48,0,0,Control,Upper SI Mucosa,10,6NP,6
M6NP USI-S noC,0,17831479.29,0,0,0,2853036.686,0,0,0,0,3566295.858,0,0,3566295.858,163336350.3,0,0,0,0,0,0,0,0,0,0,0,0,0,0,0,1742492156,0,171895460.4,0,0,0,0,0,0,0,0,0,0,0,0,0,0,0,0,0,1426518.343,0,0,0,0,0,0,0,0,713259.1716,0,0,0,0,0,6419332.544,0,0,0,0,0,0,0,0,0,0,22111034.32,0,0,0,0,0,0,0,0,0,0,0,0,0,0,0,0,0,0,0,0,2139777.515,0,0,0,0,0,0,0,0,11737392928,7132591.716,0,0,0,0,0,0,0,0,0,0,0,713259.1716,0,2139777.515,0,0,0,0,0,0,0,0,0,0,0,0,0,0,0,0,0,22824293.49,0,0,Control,Upper SI Mucosa noC,10,6NP,6
M6P D10 Stool,0,0,0,0,0,242379973.4,0,0,0,0,32963676388,6171367016,55933840.02,522049173.6,36934979030,223735360.1,0,18644613.34,18588679501,1211899867,0,0,0,0,0,615272240.3,0,0,0,74578453.37,57145739892,0,15866565954,0,0,391536880.2,0,37289226.68,0,0,0,615272240.3,0,0,0,0,0,0,0,0,3784856508,55933840.02,37289226.68,0,130512293.4,0,0,93223066.71,391536880.2,279669200.1,1174610641,0,0,0,0,1323767547,3020427361,205090746.8,0,0,0,0,2200064374,1193255254,37289226.68,205090746.8,149156906.7,335603040.1,0,37289226.68,0,0,0,0,1249189094,0,2181419761,0,2088196694,0,261024586.8,18644613.34,0,0,93223066.71,0,0,2759402775,0,167801520.1,0,279669200.1,559338400.2,0,0,484759946.9,1.65247E+11,0,0,0,0,0,0,0,0,0,0,0,0,801718373.7,0,242379973.4,0,0,0,0,0,0,0,0,0,0,0,0,0,0,130512293.4,0,466115333.5,205090746.8,0,0,Control,Stool,10,6P,6
M6P D7 Stool,0,0,0,0,0,343193674,0,0,0,0,43830734935,4608600765,24513833.86,220624504.7,41036157875,0,0,73541501.57,10859628398,808956517.2,0,0,0,147083003.1,0,18042181718,0,0,0,73541501.57,86607375013,0,18924679737,98055335.42,0,294166006.3,0,98055335.42,0,0,0,1201177859,0,0,49027667.71,0,0,73541501.57,49027667.71,0,25420845709,759928849.5,343193674,0,294166006.3,0,245138338.6,490276677.1,3799644248,1201177859,6741304310,0,98055335.42,49027667.71,0,514790511,13850316129,1544371533,0,0,147083003.1,0,6814845812,8310189677,269652172.4,1225691693,122569169.3,1764996038,122569169.3,171596837,441249009.4,49027667.71,0,0,6275541467,0,9633936705,0,7305122489,0,3039715398,0,24513833.86,0,588332012.5,0,0,2868118561,0,1176664025,0,1348260862,2598466389,0,0,882498018.8,1.34581E+11,0,0,0,0,0,0,0,0,0,0,0,0,4387976260,0,0,0,0,0,0,0,0,0,0,0,0,0,0,73541501.57,0,73541501.57,0,857984185,49027667.71,0,0,Control,Stool,7,6P,6